country,iso3,year,dig_services_exports_usd_millions,dig_services_imports_usd_millions
Aruba,ABW,2010,83.0,270.0
Aruba,ABW,2011,96.0,291.0
Aruba,ABW,2012,104.0,336.0
Aruba,ABW,2013,73.0,353.0
Aruba,ABW,2014,75.0,411.0
Aruba,ABW,2015,82.0,375.0
Aruba,ABW,2016,83.0,404.0
Aruba,ABW,2017,72.0,405.0
Aruba,ABW,2018,84.0,435.0
Aruba,ABW,2019,95.0,427.0
Aruba,ABW,2020,125.0,359.0
Aruba,ABW,2021,119.0,442.0
Aruba,ABW,2022,126.0,489.0
Aruba,ABW,2023,137.0,525.0
Afghanistan,AFG,2010,818.0,185.0
Afghanistan,AFG,2011,1066.0,324.0
Afghanistan,AFG,2012,638.0,432.0
Afghanistan,AFG,2013,296.0,204.0
Afghanistan,AFG,2014,456.0,322.0
Afghanistan,AFG,2015,311.0,108.0
Afghanistan,AFG,2016,176.0,84.0
Afghanistan,AFG,2017,170.0,74.0
Afghanistan,AFG,2018,249.0,126.0
Afghanistan,AFG,2019,214.0,89.0
Afghanistan,AFG,2020,375.0,76.0
Afghanistan,AFG,2021,,
Afghanistan,AFG,2022,,
Afghanistan,AFG,2023,,
Angola,AGO,2010,63.0,7322.0
Angola,AGO,2011,60.0,9061.0
Angola,AGO,2012,50.0,8922.0
Angola,AGO,2013,42.0,9605.0
Angola,AGO,2014,60.0,10140.0
Angola,AGO,2015,51.0,7800.0
Angola,AGO,2016,36.0,5433.0
Angola,AGO,2017,43.0,6189.0
Angola,AGO,2018,42.0,3796.0
Angola,AGO,2019,24.0,2681.0
Angola,AGO,2020,17.0,2010.0
Angola,AGO,2021,36.0,2306.0
Angola,AGO,2022,26.0,2512.0
Angola,AGO,2023,36.0,2345.0
Anguilla,AIA,2010,7.0,27.0
Anguilla,AIA,2011,7.0,26.0
Anguilla,AIA,2012,8.0,27.0
Anguilla,AIA,2013,7.0,30.0
Anguilla,AIA,2014,6.0,33.0
Anguilla,AIA,2015,8.0,34.0
Anguilla,AIA,2016,7.0,32.0
Anguilla,AIA,2017,55.0,38.0
Anguilla,AIA,2018,9.0,26.0
Anguilla,AIA,2019,8.0,32.0
Anguilla,AIA,2020,9.0,25.0
Anguilla,AIA,2021,9.0,28.0
Anguilla,AIA,2022,8.0,35.0
Anguilla,AIA,2023,8.0,36.0
Albania,ALB,2010,312.0,215.0
Albania,ALB,2011,314.0,275.0
Albania,ALB,2012,308.0,235.0
Albania,ALB,2013,301.0,209.0
Albania,ALB,2014,286.0,185.0
Albania,ALB,2015,241.0,193.0
Albania,ALB,2016,398.0,196.0
Albania,ALB,2017,,268.0
Albania,ALB,2018,,289.0
Albania,ALB,2019,782.0,314.0
Albania,ALB,2020,,324.0
Albania,ALB,2021,,358.0
Albania,ALB,2022,954.0,334.0
Albania,ALB,2023,1065.0,526.0
United Arab Emirates,ARE,2010,,20300.0
United Arab Emirates,ARE,2011,,29197.0
United Arab Emirates,ARE,2012,,32531.0
United Arab Emirates,ARE,2013,,32651.0
United Arab Emirates,ARE,2014,26059.0,48070.0
United Arab Emirates,ARE,2015,26355.0,46607.0
United Arab Emirates,ARE,2016,27915.0,34384.0
United Arab Emirates,ARE,2017,29740.0,35480.0
United Arab Emirates,ARE,2018,30402.0,34829.0
United Arab Emirates,ARE,2019,30989.0,34901.0
United Arab Emirates,ARE,2020,33689.0,33164.0
United Arab Emirates,ARE,2021,39299.0,37439.0
United Arab Emirates,ARE,2022,46713.0,47745.0
United Arab Emirates,ARE,2023,49700.0,42845.0
Argentina,ARG,2010,4755.0,5414.0
Argentina,ARG,2011,5632.0,6510.0
Argentina,ARG,2012,5650.0,6628.0
Argentina,ARG,2013,5535.0,7103.0
Argentina,ARG,2014,4998.0,7037.0
Argentina,ARG,2015,5130.0,6913.0
Argentina,ARG,2016,5357.0,6897.0
Argentina,ARG,2017,6997.0,7756.0
Argentina,ARG,2018,6751.0,7803.0
Argentina,ARG,2019,6492.0,7023.0
Argentina,ARG,2020,5729.0,6213.0
Argentina,ARG,2021,6396.0,7412.0
Argentina,ARG,2022,7613.0,8980.0
Argentina,ARG,2023,7801.0,9407.0
Armenia,ARM,2010,173.0,203.0
Armenia,ARM,2011,160.0,180.0
Armenia,ARM,2012,152.0,170.0
Armenia,ARM,2013,176.0,189.0
Armenia,ARM,2014,196.0,191.0
Armenia,ARM,2015,189.0,192.0
Armenia,ARM,2016,235.0,185.0
Armenia,ARM,2017,284.0,187.0
Armenia,ARM,2018,316.0,236.0
Armenia,ARM,2019,346.0,245.0
Armenia,ARM,2020,407.0,217.0
Armenia,ARM,2021,458.0,251.0
Armenia,ARM,2022,1007.0,372.0
Armenia,ARM,2023,1345.0,459.0
Antigua and Barbuda,ATG,2010,48.0,195.0
Antigua and Barbuda,ATG,2011,52.0,199.0
Antigua and Barbuda,ATG,2012,51.0,192.0
Antigua and Barbuda,ATG,2013,52.0,191.0
Antigua and Barbuda,ATG,2014,52.0,172.0
Antigua and Barbuda,ATG,2015,59.0,209.0
Antigua and Barbuda,ATG,2016,62.0,241.0
Antigua and Barbuda,ATG,2017,55.0,234.0
Antigua and Barbuda,ATG,2018,59.0,236.0
Antigua and Barbuda,ATG,2019,65.0,261.0
Antigua and Barbuda,ATG,2020,71.0,168.0
Antigua and Barbuda,ATG,2021,79.0,186.0
Antigua and Barbuda,ATG,2022,80.0,246.0
Antigua and Barbuda,ATG,2023,87.0,267.0
Australia,AUS,2010,11602.0,15358.0
Australia,AUS,2011,13891.0,18385.0
Australia,AUS,2012,14850.0,19694.0
Australia,AUS,2013,15276.0,20820.0
Australia,AUS,2014,15339.0,20394.0
Australia,AUS,2015,13929.0,18888.0
Australia,AUS,2016,14065.0,17454.0
Australia,AUS,2017,15531.0,19546.0
Australia,AUS,2018,16491.0,20680.0
Australia,AUS,2019,17567.0,20917.0
Australia,AUS,2020,17618.0,21441.0
Australia,AUS,2021,21103.0,24363.0
Australia,AUS,2022,20953.0,24882.0
Australia,AUS,2023,21759.0,29370.0
Austria,AUT,2010,17447.0,13504.0
Austria,AUT,2011,21104.0,15733.0
Austria,AUT,2012,22055.0,16969.0
Austria,AUT,2013,24767.0,20348.0
Austria,AUT,2014,26498.0,22624.0
Austria,AUT,2015,22389.0,19928.0
Austria,AUT,2016,23289.0,21085.0
Austria,AUT,2017,25744.0,23923.0
Austria,AUT,2018,29354.0,28134.0
Austria,AUT,2019,30153.0,29411.0
Austria,AUT,2020,29949.0,29158.0
Austria,AUT,2021,34820.0,33781.0
Austria,AUT,2022,35331.0,35192.0
Austria,AUT,2023,35604.0,38561.0
Azerbaijan,AZE,2010,460.0,1453.0
Azerbaijan,AZE,2011,375.0,1962.0
Azerbaijan,AZE,2012,625.0,2503.0
Azerbaijan,AZE,2013,611.0,2035.0
Azerbaijan,AZE,2014,495.0,1771.0
Azerbaijan,AZE,2015,413.0,1143.0
Azerbaijan,AZE,2016,352.0,857.0
Azerbaijan,AZE,2017,431.0,1444.0
Azerbaijan,AZE,2018,532.0,1334.0
Azerbaijan,AZE,2019,634.0,1888.0
Azerbaijan,AZE,2020,489.0,2114.0
Azerbaijan,AZE,2021,815.0,1714.0
Azerbaijan,AZE,2022,1110.0,3015.0
Azerbaijan,AZE,2023,1439.0,3325.0
Burundi,BDI,2010,4.0,27.0
Burundi,BDI,2011,8.0,23.0
Burundi,BDI,2012,8.0,30.0
Burundi,BDI,2013,21.0,26.0
Burundi,BDI,2014,21.0,38.0
Burundi,BDI,2015,14.0,30.0
Burundi,BDI,2016,9.0,32.0
Burundi,BDI,2017,10.0,43.0
Burundi,BDI,2018,12.0,40.0
Burundi,BDI,2019,13.0,54.0
Burundi,BDI,2020,19.0,51.0
Burundi,BDI,2021,25.0,183.0
Burundi,BDI,2022,25.0,74.0
Burundi,BDI,2023,29.0,90.0
Belgium,BEL,2010,47373.0,40315.0
Belgium,BEL,2011,51689.0,44578.0
Belgium,BEL,2012,53079.0,47240.0
Belgium,BEL,2013,61499.0,52128.0
Belgium,BEL,2014,69530.0,61887.0
Belgium,BEL,2015,63903.0,57893.0
Belgium,BEL,2016,64545.0,57133.0
Belgium,BEL,2017,70313.0,61819.0
Belgium,BEL,2018,74454.0,64301.0
Belgium,BEL,2019,74627.0,67130.0
Belgium,BEL,2020,75852.0,71761.0
Belgium,BEL,2021,86692.0,78724.0
Belgium,BEL,2022,84707.0,77829.0
Belgium,BEL,2023,92739.0,93203.0
Benin,BEN,2010,53.0,112.0
Benin,BEN,2011,66.0,101.0
Benin,BEN,2012,108.0,122.0
Benin,BEN,2013,102.0,214.0
Benin,BEN,2014,93.0,174.0
Benin,BEN,2015,49.0,133.0
Benin,BEN,2016,43.0,152.0
Benin,BEN,2017,22.0,111.0
Benin,BEN,2018,130.0,218.0
Benin,BEN,2019,89.0,208.0
Benin,BEN,2020,53.0,217.0
Benin,BEN,2021,41.0,213.0
Benin,BEN,2022,40.0,189.0
Benin,BEN,2023,,
Burkina Faso,BFA,2010,76.0,280.0
Burkina Faso,BFA,2011,198.0,458.0
Burkina Faso,BFA,2012,202.0,456.0
Burkina Faso,BFA,2013,173.0,459.0
Burkina Faso,BFA,2014,137.0,433.0
Burkina Faso,BFA,2015,122.0,391.0
Burkina Faso,BFA,2016,135.0,414.0
Burkina Faso,BFA,2017,158.0,464.0
Burkina Faso,BFA,2018,181.0,505.0
Burkina Faso,BFA,2019,175.0,488.0
Burkina Faso,BFA,2020,177.0,489.0
Burkina Faso,BFA,2021,187.0,534.0
Burkina Faso,BFA,2022,165.0,470.0
Burkina Faso,BFA,2023,,
Bangladesh,BGD,2010,808.0,351.0
Bangladesh,BGD,2011,922.0,343.0
Bangladesh,BGD,2012,762.0,566.0
Bangladesh,BGD,2013,773.0,784.0
Bangladesh,BGD,2014,925.0,1269.0
Bangladesh,BGD,2015,961.0,902.0
Bangladesh,BGD,2016,1199.0,1423.0
Bangladesh,BGD,2017,1214.0,1536.0
Bangladesh,BGD,2018,1571.0,2243.0
Bangladesh,BGD,2019,1608.0,1980.0
Bangladesh,BGD,2020,1443.0,1286.0
Bangladesh,BGD,2021,1740.0,1580.0
Bangladesh,BGD,2022,2121.0,1661.0
Bangladesh,BGD,2023,2043.0,1771.0
Bulgaria,BGR,2010,1246.0,1330.0
Bulgaria,BGR,2011,1651.0,1314.0
Bulgaria,BGR,2012,1798.0,1444.0
Bulgaria,BGR,2013,1810.0,1331.0
Bulgaria,BGR,2014,2379.0,1827.0
Bulgaria,BGR,2015,2748.0,2043.0
Bulgaria,BGR,2016,2905.0,1864.0
Bulgaria,BGR,2017,2825.0,1777.0
Bulgaria,BGR,2018,3477.0,2330.0
Bulgaria,BGR,2019,4218.0,2390.0
Bulgaria,BGR,2020,4373.0,2304.0
Bulgaria,BGR,2021,5680.0,2701.0
Bulgaria,BGR,2022,6497.0,2998.0
Bulgaria,BGR,2023,7667.0,3453.0
Bahrain,BHR,2010,1745.0,604.0
Bahrain,BHR,2011,1027.0,349.0
Bahrain,BHR,2012,6298.0,3968.0
Bahrain,BHR,2013,6320.0,4743.0
Bahrain,BHR,2014,6369.0,4745.0
Bahrain,BHR,2015,6315.0,4453.0
Bahrain,BHR,2016,6521.0,4544.0
Bahrain,BHR,2017,5452.0,4477.0
Bahrain,BHR,2018,6293.0,4766.0
Bahrain,BHR,2019,6320.0,5207.0
Bahrain,BHR,2020,6172.0,5330.0
Bahrain,BHR,2021,6325.0,6529.0
Bahrain,BHR,2022,6835.0,6756.0
Bahrain,BHR,2023,6870.0,7293.0
"Bahamas, The",BHS,2010,36.0,498.0
"Bahamas, The",BHS,2011,28.0,460.0
"Bahamas, The",BHS,2012,34.0,505.0
"Bahamas, The",BHS,2013,35.0,428.0
"Bahamas, The",BHS,2014,39.0,404.0
"Bahamas, The",BHS,2015,33.0,440.0
"Bahamas, The",BHS,2016,33.0,605.0
"Bahamas, The",BHS,2017,24.0,575.0
"Bahamas, The",BHS,2018,43.0,642.0
"Bahamas, The",BHS,2019,217.0,647.0
"Bahamas, The",BHS,2020,217.0,640.0
"Bahamas, The",BHS,2021,242.0,795.0
"Bahamas, The",BHS,2022,229.0,834.0
"Bahamas, The",BHS,2023,233.0,945.0
Bosnia and Herzegovina,BIH,2010,156.0,120.0
Bosnia and Herzegovina,BIH,2011,158.0,118.0
Bosnia and Herzegovina,BIH,2012,158.0,127.0
Bosnia and Herzegovina,BIH,2013,159.0,144.0
Bosnia and Herzegovina,BIH,2014,156.0,148.0
Bosnia and Herzegovina,BIH,2015,170.0,133.0
Bosnia and Herzegovina,BIH,2016,196.0,145.0
Bosnia and Herzegovina,BIH,2017,215.0,151.0
Bosnia and Herzegovina,BIH,2018,274.0,155.0
Bosnia and Herzegovina,BIH,2019,298.0,165.0
Bosnia and Herzegovina,BIH,2020,377.0,180.0
Bosnia and Herzegovina,BIH,2021,473.0,185.0
Bosnia and Herzegovina,BIH,2022,471.0,190.0
Bosnia and Herzegovina,BIH,2023,518.0,222.0
Belarus,BLR,2010,832.0,683.0
Belarus,BLR,2011,918.0,783.0
Belarus,BLR,2012,1105.0,983.0
Belarus,BLR,2013,1384.0,1167.0
Belarus,BLR,2014,1621.0,1274.0
Belarus,BLR,2015,1600.0,1024.0
Belarus,BLR,2016,1723.0,1133.0
Belarus,BLR,2017,2160.0,1159.0
Belarus,BLR,2018,2675.0,1326.0
Belarus,BLR,2019,3561.0,1620.0
Belarus,BLR,2020,3921.0,1620.0
Belarus,BLR,2021,4584.0,1865.0
Belarus,BLR,2022,3849.0,1334.0
Belarus,BLR,2023,3512.0,1441.0
Belize,BLZ,2010,38.0,55.0
Belize,BLZ,2011,39.0,56.0
Belize,BLZ,2012,48.0,66.0
Belize,BLZ,2013,41.0,77.0
Belize,BLZ,2014,51.0,74.0
Belize,BLZ,2015,55.0,80.0
Belize,BLZ,2016,71.0,74.0
Belize,BLZ,2017,67.0,99.0
Belize,BLZ,2018,70.0,103.0
Belize,BLZ,2019,82.0,96.0
Belize,BLZ,2020,93.0,65.0
Belize,BLZ,2021,160.0,115.0
Belize,BLZ,2022,185.0,86.0
Belize,BLZ,2023,169.0,108.0
Bermuda,BMU,2010,799.0,375.0
Bermuda,BMU,2011,820.0,382.0
Bermuda,BMU,2012,798.0,408.0
Bermuda,BMU,2013,776.0,391.0
Bermuda,BMU,2014,734.0,446.0
Bermuda,BMU,2015,699.0,371.0
Bermuda,BMU,2016,693.0,428.0
Bermuda,BMU,2017,708.0,414.0
Bermuda,BMU,2018,804.0,535.0
Bermuda,BMU,2019,777.0,498.0
Bermuda,BMU,2020,761.0,425.0
Bermuda,BMU,2021,815.0,429.0
Bermuda,BMU,2022,839.0,471.0
Bermuda,BMU,2023,863.0,511.0
Bolivia,BOL,2010,145.0,362.0
Bolivia,BOL,2011,170.0,585.0
Bolivia,BOL,2012,221.0,675.0
Bolivia,BOL,2013,245.0,869.0
Bolivia,BOL,2014,127.0,778.0
Bolivia,BOL,2015,118.0,847.0
Bolivia,BOL,2016,120.0,717.0
Bolivia,BOL,2017,120.0,822.0
Bolivia,BOL,2018,123.0,872.0
Bolivia,BOL,2019,98.0,833.0
Bolivia,BOL,2020,70.0,687.0
Bolivia,BOL,2021,64.0,596.0
Bolivia,BOL,2022,63.0,756.0
Bolivia,BOL,2023,76.0,721.0
Brazil,BRA,2010,12702.0,28894.0
Brazil,BRA,2011,14886.0,35323.0
Brazil,BRA,2012,16236.0,39248.0
Brazil,BRA,2013,16096.0,39780.0
Brazil,BRA,2014,19035.0,43965.0
Brazil,BRA,2015,16900.0,40594.0
Brazil,BRA,2016,16748.0,37259.0
Brazil,BRA,2017,17209.0,36688.0
Brazil,BRA,2018,17601.0,35702.0
Brazil,BRA,2019,18037.0,34246.0
Brazil,BRA,2020,15945.0,34284.0
Brazil,BRA,2021,19116.0,29876.0
Brazil,BRA,2022,23513.0,35687.0
Brazil,BRA,2023,25731.0,47156.0
Barbados,BRB,2010,127.0,340.0
Barbados,BRB,2011,148.0,313.0
Barbados,BRB,2012,149.0,348.0
Barbados,BRB,2013,197.0,509.0
Barbados,BRB,2014,191.0,476.0
Barbados,BRB,2015,186.0,495.0
Barbados,BRB,2016,119.0,496.0
Barbados,BRB,2017,169.0,479.0
Barbados,BRB,2018,67.0,378.0
Barbados,BRB,2019,88.0,405.0
Barbados,BRB,2020,80.0,198.0
Barbados,BRB,2021,,
Barbados,BRB,2022,,
Barbados,BRB,2023,,
Brunei Darussalam,BRN,2010,,
Brunei Darussalam,BRN,2011,,
Brunei Darussalam,BRN,2012,,
Brunei Darussalam,BRN,2013,,
Brunei Darussalam,BRN,2014,18.0,153.0
Brunei Darussalam,BRN,2015,6.0,174.0
Brunei Darussalam,BRN,2016,8.0,191.0
Brunei Darussalam,BRN,2017,4.0,143.0
Brunei Darussalam,BRN,2018,4.0,459.0
Brunei Darussalam,BRN,2019,5.0,521.0
Brunei Darussalam,BRN,2020,11.0,593.0
Brunei Darussalam,BRN,2021,12.0,465.0
Brunei Darussalam,BRN,2022,15.0,456.0
Brunei Darussalam,BRN,2023,39.0,617.0
Bhutan,BTN,2010,3.0,16.0
Bhutan,BTN,2011,3.0,22.0
Bhutan,BTN,2012,3.0,25.0
Bhutan,BTN,2013,5.0,20.0
Bhutan,BTN,2014,3.0,36.0
Bhutan,BTN,2015,3.0,32.0
Bhutan,BTN,2016,6.0,30.0
Bhutan,BTN,2017,7.0,26.0
Bhutan,BTN,2018,6.0,35.0
Bhutan,BTN,2019,9.0,40.0
Bhutan,BTN,2020,11.0,30.0
Bhutan,BTN,2021,14.0,22.0
Bhutan,BTN,2022,16.0,30.0
Bhutan,BTN,2023,18.0,37.0
Botswana,BWA,2010,115.0,380.0
Botswana,BWA,2011,196.0,353.0
Botswana,BWA,2012,94.0,241.0
Botswana,BWA,2013,171.0,294.0
Botswana,BWA,2014,217.0,541.0
Botswana,BWA,2015,164.0,493.0
Botswana,BWA,2016,163.0,457.0
Botswana,BWA,2017,218.0,597.0
Botswana,BWA,2018,227.0,664.0
Botswana,BWA,2019,163.0,650.0
Botswana,BWA,2020,204.0,911.0
Botswana,BWA,2021,205.0,788.0
Botswana,BWA,2022,208.0,659.0
Botswana,BWA,2023,231.0,687.0
Central African Republic,CAF,2010,3.0,37.0
Central African Republic,CAF,2011,3.0,36.0
Central African Republic,CAF,2012,3.0,39.0
Central African Republic,CAF,2013,4.0,31.0
Central African Republic,CAF,2014,5.0,45.0
Central African Republic,CAF,2015,8.0,38.0
Central African Republic,CAF,2016,7.0,46.0
Central African Republic,CAF,2017,6.0,41.0
Central African Republic,CAF,2018,8.0,47.0
Central African Republic,CAF,2019,,66.0
Central African Republic,CAF,2020,2.0,65.0
Central African Republic,CAF,2021,3.0,75.0
Central African Republic,CAF,2022,,
Central African Republic,CAF,2023,,
Canada,CAN,2010,44406.0,43702.0
Canada,CAN,2011,50119.0,46462.0
Canada,CAN,2012,52825.0,49316.0
Canada,CAN,2013,54074.0,50342.0
Canada,CAN,2014,53382.0,50186.0
Canada,CAN,2015,48331.0,46974.0
Canada,CAN,2016,48823.0,48397.0
Canada,CAN,2017,52253.0,52019.0
Canada,CAN,2018,60076.0,59754.0
Canada,CAN,2019,66568.0,63530.0
Canada,CAN,2020,71333.0,73282.0
Canada,CAN,2021,80493.0,82616.0
Canada,CAN,2022,81293.0,85139.0
Canada,CAN,2023,83157.0,85151.0
Switzerland,CHE,2010,66749.0,64175.0
Switzerland,CHE,2011,76443.0,76740.0
Switzerland,CHE,2012,81390.0,77331.0
Switzerland,CHE,2013,81500.0,81921.0
Switzerland,CHE,2014,88016.0,90682.0
Switzerland,CHE,2015,85665.0,88351.0
Switzerland,CHE,2016,89103.0,90672.0
Switzerland,CHE,2017,88930.0,98930.0
Switzerland,CHE,2018,96723.0,102921.0
Switzerland,CHE,2019,94028.0,103874.0
Switzerland,CHE,2020,89012.0,111358.0
Switzerland,CHE,2021,102964.0,123926.0
Switzerland,CHE,2022,103934.0,116517.0
Switzerland,CHE,2023,115353.0,124568.0
Chile,CHL,2010,1520.0,5280.0
Chile,CHL,2011,1966.0,5800.0
Chile,CHL,2012,2245.0,5965.0
Chile,CHL,2013,2294.0,6632.0
Chile,CHL,2014,2222.0,6689.0
Chile,CHL,2015,2369.0,6962.0
Chile,CHL,2016,2353.0,7017.0
Chile,CHL,2017,2247.0,7078.0
Chile,CHL,2018,2438.0,8344.0
Chile,CHL,2019,2463.0,7997.0
Chile,CHL,2020,2293.0,7273.0
Chile,CHL,2021,2487.0,8944.0
Chile,CHL,2022,3030.0,10229.0
Chile,CHL,2023,3346.0,
China,CHN,2010,56020.0,66289.0
China,CHN,2011,72874.0,85903.0
China,CHN,2012,71724.0,85149.0
China,CHN,2013,80382.0,98257.0
China,CHN,2014,96417.0,98795.0
China,CHN,2015,91104.0,82985.0
China,CHN,2016,91510.0,94035.0
China,CHN,2017,100239.0,102318.0
China,CHN,2018,129525.0,119561.0
China,CHN,2019,140765.0,123512.0
China,CHN,2020,151509.0,134792.0
China,CHN,2021,191288.0,159769.0
China,CHN,2022,207007.0,157158.0
China,CHN,2023,216265.0,171318.0
Cote d'Ivoire,CIV,2010,424.0,541.0
Cote d'Ivoire,CIV,2011,378.0,495.0
Cote d'Ivoire,CIV,2012,342.0,442.0
Cote d'Ivoire,CIV,2013,287.0,385.0
Cote d'Ivoire,CIV,2014,280.0,404.0
Cote d'Ivoire,CIV,2015,240.0,354.0
Cote d'Ivoire,CIV,2016,119.0,513.0
Cote d'Ivoire,CIV,2017,190.0,660.0
Cote d'Ivoire,CIV,2018,269.0,854.0
Cote d'Ivoire,CIV,2019,240.0,819.0
Cote d'Ivoire,CIV,2020,168.0,747.0
Cote d'Ivoire,CIV,2021,224.0,942.0
Cote d'Ivoire,CIV,2022,187.0,1176.0
Cote d'Ivoire,CIV,2023,,
Cameroon,CMR,2010,425.0,776.0
Cameroon,CMR,2011,761.0,425.0
Cameroon,CMR,2012,595.0,514.0
Cameroon,CMR,2013,643.0,711.0
Cameroon,CMR,2014,664.0,735.0
Cameroon,CMR,2015,472.0,503.0
Cameroon,CMR,2016,523.0,540.0
Cameroon,CMR,2017,656.0,723.0
Cameroon,CMR,2018,697.0,769.0
Cameroon,CMR,2019,748.0,752.0
Cameroon,CMR,2020,571.0,630.0
Cameroon,CMR,2021,404.0,602.0
Cameroon,CMR,2022,471.0,670.0
Cameroon,CMR,2023,966.0,888.0
"Congo, Dem. Rep.",COD,2010,127.0,709.0
"Congo, Dem. Rep.",COD,2011,143.0,695.0
"Congo, Dem. Rep.",COD,2012,84.0,712.0
"Congo, Dem. Rep.",COD,2013,36.0,691.0
"Congo, Dem. Rep.",COD,2014,25.0,712.0
"Congo, Dem. Rep.",COD,2015,15.0,637.0
"Congo, Dem. Rep.",COD,2016,11.0,897.0
"Congo, Dem. Rep.",COD,2017,12.0,510.0
"Congo, Dem. Rep.",COD,2018,7.0,970.0
"Congo, Dem. Rep.",COD,2019,4.0,758.0
"Congo, Dem. Rep.",COD,2020,7.0,927.0
"Congo, Dem. Rep.",COD,2021,8.0,1361.0
"Congo, Dem. Rep.",COD,2022,,
"Congo, Dem. Rep.",COD,2023,,
"Congo, Rep.",COG,2010,52.0,2244.0
"Congo, Rep.",COG,2011,124.0,2729.0
"Congo, Rep.",COG,2012,42.0,1980.0
"Congo, Rep.",COG,2013,71.0,1946.0
"Congo, Rep.",COG,2014,65.0,2627.0
"Congo, Rep.",COG,2015,43.0,2527.0
"Congo, Rep.",COG,2016,25.0,469.0
"Congo, Rep.",COG,2017,154.0,1345.0
"Congo, Rep.",COG,2018,,
"Congo, Rep.",COG,2019,68.0,843.0
"Congo, Rep.",COG,2020,95.0,804.0
"Congo, Rep.",COG,2021,98.0,992.0
"Congo, Rep.",COG,2022,,
"Congo, Rep.",COG,2023,,
Colombia,COL,2010,1196.0,3568.0
Colombia,COL,2011,1335.0,4113.0
Colombia,COL,2012,1788.0,4693.0
Colombia,COL,2013,1874.0,5408.0
Colombia,COL,2014,2168.0,5989.0
Colombia,COL,2015,1542.0,5250.0
Colombia,COL,2016,1531.0,4825.0
Colombia,COL,2017,1769.0,5502.0
Colombia,COL,2018,1932.0,5845.0
Colombia,COL,2019,1805.0,5816.0
Colombia,COL,2020,1864.0,5665.0
Colombia,COL,2021,2227.0,6255.0
Colombia,COL,2022,3026.0,6240.0
Colombia,COL,2023,3136.0,6346.0
Comoros,COM,2010,16.0,16.0
Comoros,COM,2011,18.0,18.0
Comoros,COM,2012,16.0,16.0
Comoros,COM,2013,19.0,17.0
Comoros,COM,2014,22.0,18.0
Comoros,COM,2015,20.0,19.0
Comoros,COM,2016,19.0,18.0
Comoros,COM,2017,20.0,21.0
Comoros,COM,2018,22.0,24.0
Comoros,COM,2019,19.0,25.0
Comoros,COM,2020,20.0,25.0
Comoros,COM,2021,9.0,33.0
Comoros,COM,2022,13.0,39.0
Comoros,COM,2023,,
Cabo Verde,CPV,2010,31.0,47.0
Cabo Verde,CPV,2011,43.0,66.0
Cabo Verde,CPV,2012,43.0,97.0
Cabo Verde,CPV,2013,68.0,94.0
Cabo Verde,CPV,2014,93.0,147.0
Cabo Verde,CPV,2015,52.0,98.0
Cabo Verde,CPV,2016,91.0,149.0
Cabo Verde,CPV,2017,69.0,105.0
Cabo Verde,CPV,2018,53.0,104.0
Cabo Verde,CPV,2019,49.0,120.0
Cabo Verde,CPV,2020,43.0,73.0
Cabo Verde,CPV,2021,51.0,65.0
Cabo Verde,CPV,2022,55.0,72.0
Cabo Verde,CPV,2023,64.0,91.0
Costa Rica,CRI,2010,1830.0,549.0
Costa Rica,CRI,2011,2226.0,626.0
Costa Rica,CRI,2012,2402.0,757.0
Costa Rica,CRI,2013,2806.0,905.0
Costa Rica,CRI,2014,3172.0,1114.0
Costa Rica,CRI,2015,3635.0,1345.0
Costa Rica,CRI,2016,4079.0,1503.0
Costa Rica,CRI,2017,4186.0,1629.0
Costa Rica,CRI,2018,4680.0,2052.0
Costa Rica,CRI,2019,5465.0,2151.0
Costa Rica,CRI,2020,5733.0,2352.0
Costa Rica,CRI,2021,6402.0,2156.0
Costa Rica,CRI,2022,7793.0,2876.0
Costa Rica,CRI,2023,9057.0,3075.0
Cuba,CUB,2010,,447.0
Cuba,CUB,2011,,594.0
Cuba,CUB,2012,,589.0
Cuba,CUB,2013,,480.0
Cuba,CUB,2014,,444.0
Cuba,CUB,2015,,510.0
Cuba,CUB,2016,,555.0
Cuba,CUB,2017,,648.0
Cuba,CUB,2018,,516.0
Cuba,CUB,2019,,501.0
Cuba,CUB,2020,,408.0
Cuba,CUB,2021,,346.0
Cuba,CUB,2022,,
Cuba,CUB,2023,,
Curacao,CUW,2010,,
Curacao,CUW,2011,276.0,346.0
Curacao,CUW,2012,281.0,352.0
Curacao,CUW,2013,293.0,359.0
Curacao,CUW,2014,349.0,357.0
Curacao,CUW,2015,336.0,333.0
Curacao,CUW,2016,349.0,314.0
Curacao,CUW,2017,356.0,359.0
Curacao,CUW,2018,414.0,378.0
Curacao,CUW,2019,360.0,338.0
Curacao,CUW,2020,307.0,312.0
Curacao,CUW,2021,307.0,315.0
Curacao,CUW,2022,325.0,331.0
Curacao,CUW,2023,354.0,325.0
Cayman Islands,CYM,2010,1000.0,720.0
Cayman Islands,CYM,2011,1007.0,766.0
Cayman Islands,CYM,2012,1284.0,670.0
Cayman Islands,CYM,2013,1915.0,592.0
Cayman Islands,CYM,2014,2047.0,616.0
Cayman Islands,CYM,2015,2186.0,725.0
Cayman Islands,CYM,2016,2275.0,749.0
Cayman Islands,CYM,2017,2561.0,868.0
Cayman Islands,CYM,2018,2670.0,940.0
Cayman Islands,CYM,2019,2732.0,926.0
Cayman Islands,CYM,2020,2970.0,986.0
Cayman Islands,CYM,2021,3164.0,1026.0
Cayman Islands,CYM,2022,,
Cayman Islands,CYM,2023,,
Cyprus,CYP,2010,3688.0,2137.0
Cyprus,CYP,2011,4114.0,2230.0
Cyprus,CYP,2012,3700.0,2214.0
Cyprus,CYP,2013,4401.0,3073.0
Cyprus,CYP,2014,5308.0,3742.0
Cyprus,CYP,2015,4907.0,3399.0
Cyprus,CYP,2016,5704.0,3659.0
Cyprus,CYP,2017,6741.0,4391.0
Cyprus,CYP,2018,7146.0,4728.0
Cyprus,CYP,2019,8753.0,6333.0
Cyprus,CYP,2020,12056.0,9168.0
Cyprus,CYP,2021,15176.0,11529.0
Cyprus,CYP,2022,15543.0,11674.0
Cyprus,CYP,2023,15306.0,10855.0
Czechia,CZE,2010,6884.0,7721.0
Czechia,CZE,2011,8615.0,9414.0
Czechia,CZE,2012,8581.0,9411.0
Czechia,CZE,2013,8930.0,9413.0
Czechia,CZE,2014,9353.0,10278.0
Czechia,CZE,2015,8450.0,8515.0
Czechia,CZE,2016,9249.0,8778.0
Czechia,CZE,2017,10330.0,9681.0
Czechia,CZE,2018,11790.0,11388.0
Czechia,CZE,2019,12222.0,12145.0
Czechia,CZE,2020,12542.0,11271.0
Czechia,CZE,2021,15256.0,13260.0
Czechia,CZE,2022,15879.0,14703.0
Czechia,CZE,2023,18459.0,17727.0
Germany,DEU,2010,118296.0,109193.0
Germany,DEU,2011,135399.0,127820.0
Germany,DEU,2012,140804.0,130190.0
Germany,DEU,2013,152386.0,141166.0
Germany,DEU,2014,170946.0,151230.0
Germany,DEU,2015,161481.0,140261.0
Germany,DEU,2016,173670.0,150540.0
Germany,DEU,2017,188558.0,166616.0
Germany,DEU,2018,207013.0,180157.0
Germany,DEU,2019,208244.0,186214.0
Germany,DEU,2020,209394.0,186795.0
Germany,DEU,2021,252931.0,219513.0
Germany,DEU,2022,245047.0,219660.0
Germany,DEU,2023,264682.0,256637.0
Djibouti,DJI,2010,11.0,35.0
Djibouti,DJI,2011,11.0,35.0
Djibouti,DJI,2012,13.0,34.0
Djibouti,DJI,2013,68.0,46.0
Djibouti,DJI,2014,84.0,34.0
Djibouti,DJI,2015,89.0,48.0
Djibouti,DJI,2016,94.0,53.0
Djibouti,DJI,2017,99.0,47.0
Djibouti,DJI,2018,105.0,37.0
Djibouti,DJI,2019,117.0,39.0
Djibouti,DJI,2020,90.0,35.0
Djibouti,DJI,2021,88.0,40.0
Djibouti,DJI,2022,103.0,46.0
Djibouti,DJI,2023,,
Dominica,DMA,2010,17.0,58.0
Dominica,DMA,2011,18.0,48.0
Dominica,DMA,2012,17.0,45.0
Dominica,DMA,2013,17.0,51.0
Dominica,DMA,2014,18.0,58.0
Dominica,DMA,2015,24.0,56.0
Dominica,DMA,2016,29.0,74.0
Dominica,DMA,2017,28.0,85.0
Dominica,DMA,2018,31.0,68.0
Dominica,DMA,2019,30.0,66.0
Dominica,DMA,2020,29.0,81.0
Dominica,DMA,2021,36.0,75.0
Dominica,DMA,2022,39.0,61.0
Dominica,DMA,2023,39.0,74.0
Denmark,DNK,2010,12913.0,13506.0
Denmark,DNK,2011,14883.0,16662.0
Denmark,DNK,2012,15841.0,16318.0
Denmark,DNK,2013,15951.0,15844.0
Denmark,DNK,2014,15938.0,16767.0
Denmark,DNK,2015,13974.0,15632.0
Denmark,DNK,2016,15148.0,17883.0
Denmark,DNK,2017,17314.0,18256.0
Denmark,DNK,2018,19336.0,21078.0
Denmark,DNK,2019,21808.0,23969.0
Denmark,DNK,2020,23193.0,27647.0
Denmark,DNK,2021,24969.0,30708.0
Denmark,DNK,2022,27062.0,33437.0
Denmark,DNK,2023,33656.0,40949.0
Dominican Republic,DOM,2010,331.0,713.0
Dominican Republic,DOM,2011,348.0,931.0
Dominican Republic,DOM,2012,371.0,890.0
Dominican Republic,DOM,2013,336.0,860.0
Dominican Republic,DOM,2014,368.0,1014.0
Dominican Republic,DOM,2015,317.0,1031.0
Dominican Republic,DOM,2016,343.0,1103.0
Dominican Republic,DOM,2017,360.0,1022.0
Dominican Republic,DOM,2018,385.0,1698.0
Dominican Republic,DOM,2019,346.0,1877.0
Dominican Republic,DOM,2020,888.0,1500.0
Dominican Republic,DOM,2021,989.0,1345.0
Dominican Republic,DOM,2022,982.0,1664.0
Dominican Republic,DOM,2023,926.0,1626.0
Algeria,DZA,2010,738.0,4836.0
Algeria,DZA,2011,710.0,5545.0
Algeria,DZA,2012,813.0,3823.0
Algeria,DZA,2013,748.0,3550.0
Algeria,DZA,2014,704.0,4005.0
Algeria,DZA,2015,784.0,3531.0
Algeria,DZA,2016,746.0,3687.0
Algeria,DZA,2017,656.0,3456.0
Algeria,DZA,2018,646.0,3985.0
Algeria,DZA,2019,660.0,3306.0
Algeria,DZA,2020,518.0,3295.0
Algeria,DZA,2021,638.0,2548.0
Algeria,DZA,2022,665.0,2831.0
Algeria,DZA,2023,660.0,3130.0
Ecuador,ECU,2010,,611.0
Ecuador,ECU,2011,,646.0
Ecuador,ECU,2012,,735.0
Ecuador,ECU,2013,,968.0
Ecuador,ECU,2014,,968.0
Ecuador,ECU,2015,,
Ecuador,ECU,2016,268.0,1137.0
Ecuador,ECU,2017,254.0,991.0
Ecuador,ECU,2018,238.0,1077.0
Ecuador,ECU,2019,283.0,1161.0
Ecuador,ECU,2020,285.0,1140.0
Ecuador,ECU,2021,259.0,1218.0
Ecuador,ECU,2022,325.0,1390.0
Ecuador,ECU,2023,354.0,1635.0
"Egypt, Arab Rep.",EGY,2010,2120.0,4110.0
"Egypt, Arab Rep.",EGY,2011,1948.0,4159.0
"Egypt, Arab Rep.",EGY,2012,2166.0,4967.0
"Egypt, Arab Rep.",EGY,2013,1873.0,4386.0
"Egypt, Arab Rep.",EGY,2014,2661.0,4899.0
"Egypt, Arab Rep.",EGY,2015,2010.0,4636.0
"Egypt, Arab Rep.",EGY,2016,2228.0,4777.0
"Egypt, Arab Rep.",EGY,2017,1798.0,6003.0
"Egypt, Arab Rep.",EGY,2018,1982.0,6656.0
"Egypt, Arab Rep.",EGY,2019,2434.0,7565.0
"Egypt, Arab Rep.",EGY,2020,2697.0,6199.0
"Egypt, Arab Rep.",EGY,2021,3468.0,7112.0
"Egypt, Arab Rep.",EGY,2022,4279.0,6548.0
"Egypt, Arab Rep.",EGY,2023,,
Eritrea,ERI,2010,,
Eritrea,ERI,2011,,
Eritrea,ERI,2012,,
Eritrea,ERI,2013,,
Eritrea,ERI,2014,,
Eritrea,ERI,2015,,
Eritrea,ERI,2016,,
Eritrea,ERI,2017,,
Eritrea,ERI,2018,,
Eritrea,ERI,2019,,
Eritrea,ERI,2020,,
Eritrea,ERI,2021,,
Eritrea,ERI,2022,,
Eritrea,ERI,2023,,
Spain,ESP,2010,,
Spain,ESP,2011,,
Spain,ESP,2012,36559.0,33542.0
Spain,ESP,2013,36217.0,30923.0
Spain,ESP,2014,39268.0,34697.0
Spain,ESP,2015,34520.0,32386.0
Spain,ESP,2016,37094.0,34676.0
Spain,ESP,2017,41897.0,35993.0
Spain,ESP,2018,45703.0,41127.0
Spain,ESP,2019,48227.0,43504.0
Spain,ESP,2020,45642.0,39980.0
Spain,ESP,2021,54803.0,46003.0
Spain,ESP,2022,59560.0,46006.0
Spain,ESP,2023,73576.0,48332.0
Estonia,EST,2010,1218.0,953.0
Estonia,EST,2011,1402.0,1105.0
Estonia,EST,2012,1425.0,1059.0
Estonia,EST,2013,1635.0,1235.0
Estonia,EST,2014,1860.0,1366.0
Estonia,EST,2015,1625.0,1210.0
Estonia,EST,2016,1851.0,1286.0
Estonia,EST,2017,2162.0,1417.0
Estonia,EST,2018,2447.0,1643.0
Estonia,EST,2019,2662.0,1635.0
Estonia,EST,2020,2976.0,3767.0
Estonia,EST,2021,5319.0,5187.0
Estonia,EST,2022,5876.0,4277.0
Estonia,EST,2023,6334.0,4391.0
Ethiopia,ETH,2010,184.0,321.0
Ethiopia,ETH,2011,165.0,443.0
Ethiopia,ETH,2012,182.0,499.0
Ethiopia,ETH,2013,172.0,488.0
Ethiopia,ETH,2014,161.0,534.0
Ethiopia,ETH,2015,158.0,587.0
Ethiopia,ETH,2016,171.0,625.0
Ethiopia,ETH,2017,186.0,515.0
Ethiopia,ETH,2018,243.0,775.0
Ethiopia,ETH,2019,271.0,744.0
Ethiopia,ETH,2020,251.0,757.0
Ethiopia,ETH,2021,356.0,790.0
Ethiopia,ETH,2022,312.0,830.0
Ethiopia,ETH,2023,364.0,974.0
Finland,FIN,2010,13041.0,16027.0
Finland,FIN,2011,15464.0,15836.0
Finland,FIN,2012,15251.0,16992.0
Finland,FIN,2013,15737.0,16729.0
Finland,FIN,2014,16267.0,16501.0
Finland,FIN,2015,15650.0,14403.0
Finland,FIN,2016,16895.0,14878.0
Finland,FIN,2017,18531.0,15372.0
Finland,FIN,2018,19690.0,18338.0
Finland,FIN,2019,22267.0,20190.0
Finland,FIN,2020,22867.0,21483.0
Finland,FIN,2021,26161.0,23584.0
Finland,FIN,2022,24486.0,23572.0
Finland,FIN,2023,24376.0,23253.0
Fiji,FJI,2010,25.0,80.0
Fiji,FJI,2011,27.0,117.0
Fiji,FJI,2012,35.0,140.0
Fiji,FJI,2013,32.0,121.0
Fiji,FJI,2014,32.0,149.0
Fiji,FJI,2015,31.0,127.0
Fiji,FJI,2016,34.0,131.0
Fiji,FJI,2017,44.0,146.0
Fiji,FJI,2018,43.0,154.0
Fiji,FJI,2019,35.0,166.0
Fiji,FJI,2020,23.0,136.0
Fiji,FJI,2021,22.0,134.0
Fiji,FJI,2022,32.0,141.0
Fiji,FJI,2023,43.0,156.0
France,FRA,2010,95231.0,85534.0
France,FRA,2011,108330.0,93587.0
France,FRA,2012,109297.0,98235.0
France,FRA,2013,124139.0,113110.0
France,FRA,2014,135254.0,125270.0
France,FRA,2015,124334.0,118308.0
France,FRA,2016,132909.0,120209.0
France,FRA,2017,132522.0,123566.0
France,FRA,2018,154876.0,138926.0
France,FRA,2019,149679.0,133813.0
France,FRA,2020,134846.0,127897.0
France,FRA,2021,155536.0,144722.0
France,FRA,2022,155625.0,151141.0
France,FRA,2023,184968.0,172831.0
Faroe Islands,FRO,2010,35.0,134.0
Faroe Islands,FRO,2011,32.0,164.0
Faroe Islands,FRO,2012,30.0,139.0
Faroe Islands,FRO,2013,29.0,145.0
Faroe Islands,FRO,2014,27.0,149.0
Faroe Islands,FRO,2015,26.0,130.0
Faroe Islands,FRO,2016,29.0,100.0
Faroe Islands,FRO,2017,28.0,159.0
Faroe Islands,FRO,2018,46.0,121.0
Faroe Islands,FRO,2019,44.0,143.0
Faroe Islands,FRO,2020,44.0,121.0
Faroe Islands,FRO,2021,35.0,119.0
Faroe Islands,FRO,2022,29.0,127.0
Faroe Islands,FRO,2023,,
"Micronesia, Fed. Sts.",FSM,2010,4.0,11.0
"Micronesia, Fed. Sts.",FSM,2011,4.0,11.0
"Micronesia, Fed. Sts.",FSM,2012,4.0,9.0
"Micronesia, Fed. Sts.",FSM,2013,2.0,10.0
"Micronesia, Fed. Sts.",FSM,2014,4.0,8.0
"Micronesia, Fed. Sts.",FSM,2015,5.0,8.0
"Micronesia, Fed. Sts.",FSM,2016,6.0,7.0
"Micronesia, Fed. Sts.",FSM,2017,8.0,6.0
"Micronesia, Fed. Sts.",FSM,2018,17.0,8.0
"Micronesia, Fed. Sts.",FSM,2019,12.0,10.0
"Micronesia, Fed. Sts.",FSM,2020,9.0,9.0
"Micronesia, Fed. Sts.",FSM,2021,,
"Micronesia, Fed. Sts.",FSM,2022,,
"Micronesia, Fed. Sts.",FSM,2023,,
Gabon,GAB,2010,291.0,641.0
Gabon,GAB,2011,213.0,1312.0
Gabon,GAB,2012,210.0,1509.0
Gabon,GAB,2013,200.0,1643.0
Gabon,GAB,2014,94.0,1263.0
Gabon,GAB,2015,216.0,1089.0
Gabon,GAB,2016,65.0,215.0
Gabon,GAB,2017,23.0,476.0
Gabon,GAB,2018,50.0,374.0
Gabon,GAB,2019,36.0,398.0
Gabon,GAB,2020,8.0,275.0
Gabon,GAB,2021,24.0,286.0
Gabon,GAB,2022,,
Gabon,GAB,2023,,
United Kingdom,GBR,2010,221705.0,85736.0
United Kingdom,GBR,2011,253408.0,93939.0
United Kingdom,GBR,2012,255153.0,95516.0
United Kingdom,GBR,2013,266049.0,103079.0
United Kingdom,GBR,2014,282673.0,115108.0
United Kingdom,GBR,2015,272450.0,115034.0
United Kingdom,GBR,2016,267532.0,118000.0
United Kingdom,GBR,2017,283165.0,125998.0
United Kingdom,GBR,2018,321979.0,151881.0
United Kingdom,GBR,2019,314295.0,151346.0
United Kingdom,GBR,2020,326426.0,155605.0
United Kingdom,GBR,2021,390859.0,180356.0
United Kingdom,GBR,2022,386534.0,174689.0
United Kingdom,GBR,2023,449155.0,218247.0
Georgia,GEO,2010,143.0,217.0
Georgia,GEO,2011,134.0,272.0
Georgia,GEO,2012,153.0,287.0
Georgia,GEO,2013,149.0,268.0
Georgia,GEO,2014,145.0,347.0
Georgia,GEO,2015,134.0,286.0
Georgia,GEO,2016,151.0,292.0
Georgia,GEO,2017,198.0,322.0
Georgia,GEO,2018,173.0,346.0
Georgia,GEO,2019,208.0,382.0
Georgia,GEO,2020,230.0,354.0
Georgia,GEO,2021,369.0,430.0
Georgia,GEO,2022,881.0,618.0
Georgia,GEO,2023,1334.0,739.0
Ghana,GHA,2010,353.0,635.0
Ghana,GHA,2011,465.0,606.0
Ghana,GHA,2012,1218.0,997.0
Ghana,GHA,2013,742.0,1328.0
Ghana,GHA,2014,451.0,1166.0
Ghana,GHA,2015,4154.0,2453.0
Ghana,GHA,2016,4042.0,2712.0
Ghana,GHA,2017,4514.0,3543.0
Ghana,GHA,2018,5627.0,4067.0
Ghana,GHA,2019,7504.0,5486.0
Ghana,GHA,2020,6752.0,5651.0
Ghana,GHA,2021,7074.0,6598.0
Ghana,GHA,2022,6371.0,6108.0
Ghana,GHA,2023,6703.0,6388.0
Guinea,GIN,2010,52.0,84.0
Guinea,GIN,2011,53.0,
Guinea,GIN,2012,108.0,568.0
Guinea,GIN,2013,88.0,424.0
Guinea,GIN,2014,45.0,
Guinea,GIN,2015,20.0,169.0
Guinea,GIN,2016,26.0,191.0
Guinea,GIN,2017,23.0,212.0
Guinea,GIN,2018,55.0,
Guinea,GIN,2019,60.0,411.0
Guinea,GIN,2020,15.0,
Guinea,GIN,2021,5.0,312.0
Guinea,GIN,2022,45.0,330.0
Guinea,GIN,2023,,
"Gambia, The",GMB,2010,13.0,24.0
"Gambia, The",GMB,2011,9.0,15.0
"Gambia, The",GMB,2012,7.0,15.0
"Gambia, The",GMB,2013,8.0,14.0
"Gambia, The",GMB,2014,5.0,17.0
"Gambia, The",GMB,2015,3.0,11.0
"Gambia, The",GMB,2016,3.0,11.0
"Gambia, The",GMB,2017,3.0,14.0
"Gambia, The",GMB,2018,9.0,18.0
"Gambia, The",GMB,2019,11.0,17.0
"Gambia, The",GMB,2020,11.0,17.0
"Gambia, The",GMB,2021,5.0,17.0
"Gambia, The",GMB,2022,1.0,18.0
"Gambia, The",GMB,2023,,
Guinea-Bissau,GNB,2010,30.0,
Guinea-Bissau,GNB,2011,24.0,16.0
Guinea-Bissau,GNB,2012,14.0,14.0
Guinea-Bissau,GNB,2013,21.0,24.0
Guinea-Bissau,GNB,2014,24.0,22.0
Guinea-Bissau,GNB,2015,17.0,36.0
Guinea-Bissau,GNB,2016,14.0,30.0
Guinea-Bissau,GNB,2017,15.0,32.0
Guinea-Bissau,GNB,2018,18.0,27.0
Guinea-Bissau,GNB,2019,22.0,27.0
Guinea-Bissau,GNB,2020,15.0,26.0
Guinea-Bissau,GNB,2021,18.0,24.0
Guinea-Bissau,GNB,2022,15.0,28.0
Guinea-Bissau,GNB,2023,,
Equatorial Guinea,GNQ,2010,13.0,1564.0
Equatorial Guinea,GNQ,2011,11.0,2236.0
Equatorial Guinea,GNQ,2012,24.0,2295.0
Equatorial Guinea,GNQ,2013,20.0,2139.0
Equatorial Guinea,GNQ,2014,15.0,2245.0
Equatorial Guinea,GNQ,2015,13.0,1457.0
Equatorial Guinea,GNQ,2016,16.0,570.0
Equatorial Guinea,GNQ,2017,77.0,1093.0
Equatorial Guinea,GNQ,2018,57.0,948.0
Equatorial Guinea,GNQ,2019,21.0,1090.0
Equatorial Guinea,GNQ,2020,49.0,706.0
Equatorial Guinea,GNQ,2021,60.0,527.0
Equatorial Guinea,GNQ,2022,29.0,388.0
Equatorial Guinea,GNQ,2023,,
Greece,GRC,2010,2932.0,5371.0
Greece,GRC,2011,3391.0,5139.0
Greece,GRC,2012,3533.0,5103.0
Greece,GRC,2013,3807.0,4387.0
Greece,GRC,2014,4214.0,4708.0
Greece,GRC,2015,3104.0,3174.0
Greece,GRC,2016,3414.0,3206.0
Greece,GRC,2017,4144.0,3881.0
Greece,GRC,2018,4321.0,4472.0
Greece,GRC,2019,4187.0,4359.0
Greece,GRC,2020,4081.0,4257.0
Greece,GRC,2021,5542.0,5828.0
Greece,GRC,2022,5708.0,5818.0
Greece,GRC,2023,6557.0,6211.0
Grenada,GRD,2010,31.0,66.0
Grenada,GRD,2011,31.0,63.0
Grenada,GRD,2012,28.0,67.0
Grenada,GRD,2013,,69.0
Grenada,GRD,2014,,72.0
Grenada,GRD,2015,,70.0
Grenada,GRD,2016,,81.0
Grenada,GRD,2017,47.0,88.0
Grenada,GRD,2018,,97.0
Grenada,GRD,2019,,102.0
Grenada,GRD,2020,,90.0
Grenada,GRD,2021,,107.0
Grenada,GRD,2022,88.0,112.0
Grenada,GRD,2023,37.0,123.0
Guatemala,GTM,2010,606.0,671.0
Guatemala,GTM,2011,651.0,748.0
Guatemala,GTM,2012,772.0,848.0
Guatemala,GTM,2013,827.0,864.0
Guatemala,GTM,2014,917.0,941.0
Guatemala,GTM,2015,944.0,987.0
Guatemala,GTM,2016,1055.0,994.0
Guatemala,GTM,2017,1158.0,1070.0
Guatemala,GTM,2018,1240.0,1171.0
Guatemala,GTM,2019,1232.0,1134.0
Guatemala,GTM,2020,1242.0,1131.0
Guatemala,GTM,2021,1306.0,1311.0
Guatemala,GTM,2022,1462.0,1514.0
Guatemala,GTM,2023,1493.0,1762.0
Guyana,GUY,2010,143.0,150.0
Guyana,GUY,2011,165.0,189.0
Guyana,GUY,2012,190.0,247.0
Guyana,GUY,2013,54.0,260.0
Guyana,GUY,2014,64.0,203.0
Guyana,GUY,2015,50.0,204.0
Guyana,GUY,2016,43.0,291.0
Guyana,GUY,2017,45.0,335.0
Guyana,GUY,2018,52.0,320.0
Guyana,GUY,2019,66.0,312.0
Guyana,GUY,2020,71.0,346.0
Guyana,GUY,2021,137.0,360.0
Guyana,GUY,2022,138.0,365.0
Guyana,GUY,2023,,
"Hong Kong SAR, China",HKG,2010,27784.0,16328.0
"Hong Kong SAR, China",HKG,2011,30014.0,17183.0
"Hong Kong SAR, China",HKG,2012,32489.0,17740.0
"Hong Kong SAR, China",HKG,2013,33742.0,18485.0
"Hong Kong SAR, China",HKG,2014,35746.0,19334.0
"Hong Kong SAR, China",HKG,2015,37705.0,19981.0
"Hong Kong SAR, China",HKG,2016,36811.0,20074.0
"Hong Kong SAR, China",HKG,2017,39605.0,21022.0
"Hong Kong SAR, China",HKG,2018,42528.0,22356.0
"Hong Kong SAR, China",HKG,2019,40877.0,22133.0
"Hong Kong SAR, China",HKG,2020,39554.0,22474.0
"Hong Kong SAR, China",HKG,2021,43025.0,23911.0
"Hong Kong SAR, China",HKG,2022,45297.0,23982.0
"Hong Kong SAR, China",HKG,2023,,
Honduras,HND,2010,255.0,215.0
Honduras,HND,2011,270.0,233.0
Honduras,HND,2012,258.0,227.0
Honduras,HND,2013,258.0,313.0
Honduras,HND,2014,346.0,294.0
Honduras,HND,2015,378.0,324.0
Honduras,HND,2016,411.0,396.0
Honduras,HND,2017,516.0,611.0
Honduras,HND,2018,481.0,647.0
Honduras,HND,2019,494.0,683.0
Honduras,HND,2020,462.0,724.0
Honduras,HND,2021,404.0,720.0
Honduras,HND,2022,371.0,757.0
Honduras,HND,2023,400.0,956.0
Croatia,HRV,2010,1685.0,1994.0
Croatia,HRV,2011,1973.0,2248.0
Croatia,HRV,2012,1706.0,1810.0
Croatia,HRV,2013,1621.0,1803.0
Croatia,HRV,2014,1789.0,1873.0
Croatia,HRV,2015,1831.0,1873.0
Croatia,HRV,2016,2041.0,1990.0
Croatia,HRV,2017,2298.0,2132.0
Croatia,HRV,2018,2714.0,2509.0
Croatia,HRV,2019,3003.0,2632.0
Croatia,HRV,2020,2864.0,2292.0
Croatia,HRV,2021,3591.0,2892.0
Croatia,HRV,2022,3971.0,3074.0
Croatia,HRV,2023,4704.0,3201.0
Haiti,HTI,2010,22.0,
Haiti,HTI,2011,36.0,
Haiti,HTI,2012,54.0,
Haiti,HTI,2013,57.0,248.0
Haiti,HTI,2014,65.0,204.0
Haiti,HTI,2015,68.0,167.0
Haiti,HTI,2016,49.0,143.0
Haiti,HTI,2017,52.0,234.0
Haiti,HTI,2018,55.0,168.0
Haiti,HTI,2019,49.0,112.0
Haiti,HTI,2020,23.0,109.0
Haiti,HTI,2021,20.0,121.0
Haiti,HTI,2022,16.0,108.0
Haiti,HTI,2023,,
Hungary,HUN,2010,8030.0,9242.0
Hungary,HUN,2011,9114.0,10476.0
Hungary,HUN,2012,8444.0,9122.0
Hungary,HUN,2013,8941.0,10464.0
Hungary,HUN,2014,9879.0,11042.0
Hungary,HUN,2015,8948.0,10032.0
Hungary,HUN,2016,9766.0,10058.0
Hungary,HUN,2017,10963.0,10508.0
Hungary,HUN,2018,11934.0,11036.0
Hungary,HUN,2019,11701.0,12208.0
Hungary,HUN,2020,11035.0,10977.0
Hungary,HUN,2021,12426.0,12302.0
Hungary,HUN,2022,13045.0,11232.0
Hungary,HUN,2023,14521.0,12441.0
Indonesia,IDN,2010,6410.0,9521.0
Indonesia,IDN,2011,8484.0,11293.0
Indonesia,IDN,2012,9981.0,12142.0
Indonesia,IDN,2013,8684.0,11995.0
Indonesia,IDN,2014,8087.0,11398.0
Indonesia,IDN,2015,6759.0,11656.0
Indonesia,IDN,2016,7379.0,11293.0
Indonesia,IDN,2017,7726.0,11905.0
Indonesia,IDN,2018,10374.0,18129.0
Indonesia,IDN,2019,9799.0,18233.0
Indonesia,IDN,2020,8213.0,18175.0
Indonesia,IDN,2021,9316.0,22101.0
Indonesia,IDN,2022,10853.0,28213.0
Indonesia,IDN,2023,14319.0,31574.0
India,IND,2010,83417.0,42404.0
India,IND,2011,94132.0,42701.0
India,IND,2012,104580.0,45155.0
India,IND,2013,111667.0,43387.0
India,IND,2014,113926.0,42245.0
India,IND,2015,116620.0,43214.0
India,IND,2016,119260.0,49367.0
India,IND,2017,125560.0,56011.0
India,IND,2018,138267.0,56306.0
India,IND,2019,155256.0,63195.0
India,IND,2020,164531.0,66615.0
India,IND,2021,197448.0,76540.0
India,IND,2022,251876.0,88864.0
India,IND,2023,288653.0,99032.0
Ireland,IRL,2010,70816.0,96130.0
Ireland,IRL,2011,81860.0,107883.0
Ireland,IRL,2012,78587.0,100502.0
Ireland,IRL,2013,88319.0,105369.0
Ireland,IRL,2014,100831.0,127508.0
Ireland,IRL,2015,102426.0,163369.0
Ireland,IRL,2016,117934.0,204998.0
Ireland,IRL,2017,146099.0,215611.0
Ireland,IRL,2018,179457.0,222823.0
Ireland,IRL,2019,208429.0,353221.0
Ireland,IRL,2020,251112.0,356829.0
Ireland,IRL,2021,302758.0,326938.0
Ireland,IRL,2022,313872.0,328150.0
Ireland,IRL,2023,340069.0,361822.0
"Iran, Islamic Rep.",IRN,2010,674.0,2531.0
"Iran, Islamic Rep.",IRN,2011,876.0,2473.0
"Iran, Islamic Rep.",IRN,2012,812.0,2353.0
"Iran, Islamic Rep.",IRN,2013,834.0,2047.0
"Iran, Islamic Rep.",IRN,2014,1007.0,2093.0
"Iran, Islamic Rep.",IRN,2015,1178.0,1724.0
"Iran, Islamic Rep.",IRN,2016,862.0,1768.0
"Iran, Islamic Rep.",IRN,2017,908.0,2125.0
"Iran, Islamic Rep.",IRN,2018,875.0,1964.0
"Iran, Islamic Rep.",IRN,2019,867.0,2000.0
"Iran, Islamic Rep.",IRN,2020,818.0,1590.0
"Iran, Islamic Rep.",IRN,2021,1086.0,2075.0
"Iran, Islamic Rep.",IRN,2022,,
"Iran, Islamic Rep.",IRN,2023,,
Iraq,IRQ,2010,110.0,3043.0
Iraq,IRQ,2011,114.0,3607.0
Iraq,IRQ,2012,203.0,4038.0
Iraq,IRQ,2013,402.0,5113.0
Iraq,IRQ,2014,711.0,5149.0
Iraq,IRQ,2015,687.0,4095.0
Iraq,IRQ,2016,807.0,3242.0
Iraq,IRQ,2017,720.0,3575.0
Iraq,IRQ,2018,992.0,4637.0
Iraq,IRQ,2019,736.0,4764.0
Iraq,IRQ,2020,662.0,3910.0
Iraq,IRQ,2021,812.0,3422.0
Iraq,IRQ,2022,806.0,4703.0
Iraq,IRQ,2023,,
Iceland,ISL,2010,792.0,682.0
Iceland,ISL,2011,819.0,811.0
Iceland,ISL,2012,726.0,854.0
Iceland,ISL,2013,823.0,898.0
Iceland,ISL,2014,929.0,1070.0
Iceland,ISL,2015,940.0,891.0
Iceland,ISL,2016,976.0,903.0
Iceland,ISL,2017,1039.0,958.0
Iceland,ISL,2018,1084.0,1155.0
Iceland,ISL,2019,1008.0,963.0
Iceland,ISL,2020,1053.0,972.0
Iceland,ISL,2021,1132.0,1249.0
Iceland,ISL,2022,1344.0,1403.0
Iceland,ISL,2023,1366.0,1434.0
Israel,ISR,2010,14804.0,6620.0
Israel,ISR,2011,18014.0,8086.0
Israel,ISR,2012,19645.0,9221.0
Israel,ISR,2013,23291.0,7702.0
Israel,ISR,2014,23959.0,8052.0
Israel,ISR,2015,25070.0,7643.0
Israel,ISR,2016,28559.0,8379.0
Israel,ISR,2017,32904.0,9390.0
Israel,ISR,2018,37655.0,13944.0
Israel,ISR,2019,42148.0,14326.0
Israel,ISR,2020,45103.0,14594.0
Israel,ISR,2021,57250.0,17473.0
Israel,ISR,2022,59797.0,20949.0
Israel,ISR,2023,60685.0,21411.0
Italy,ITA,2010,41036.0,53903.0
Italy,ITA,2011,45950.0,56416.0
Italy,ITA,2012,46646.0,51619.0
Italy,ITA,2013,46658.0,51447.0
Italy,ITA,2014,47475.0,54074.0
Italy,ITA,2015,39302.0,48011.0
Italy,ITA,2016,41561.0,50152.0
Italy,ITA,2017,46729.0,55581.0
Italy,ITA,2018,49894.0,60515.0
Italy,ITA,2019,48503.0,57759.0
Italy,ITA,2020,47066.0,58094.0
Italy,ITA,2021,56124.0,66810.0
Italy,ITA,2022,56131.0,70725.0
Italy,ITA,2023,68560.0,84253.0
Jamaica,JAM,2010,244.0,680.0
Jamaica,JAM,2011,231.0,654.0
Jamaica,JAM,2012,235.0,714.0
Jamaica,JAM,2013,224.0,644.0
Jamaica,JAM,2014,244.0,784.0
Jamaica,JAM,2015,235.0,772.0
Jamaica,JAM,2016,242.0,789.0
Jamaica,JAM,2017,240.0,796.0
Jamaica,JAM,2018,240.0,821.0
Jamaica,JAM,2019,243.0,904.0
Jamaica,JAM,2020,245.0,615.0
Jamaica,JAM,2021,259.0,721.0
Jamaica,JAM,2022,257.0,921.0
Jamaica,JAM,2023,269.0,993.0
Jordan,JOR,2010,295.0,605.0
Jordan,JOR,2011,303.0,683.0
Jordan,JOR,2012,341.0,769.0
Jordan,JOR,2013,328.0,793.0
Jordan,JOR,2014,340.0,694.0
Jordan,JOR,2015,360.0,780.0
Jordan,JOR,2016,326.0,807.0
Jordan,JOR,2017,275.0,730.0
Jordan,JOR,2018,313.0,680.0
Jordan,JOR,2019,266.0,675.0
Jordan,JOR,2020,244.0,630.0
Jordan,JOR,2021,378.0,715.0
Jordan,JOR,2022,294.0,861.0
Jordan,JOR,2023,271.0,780.0
Japan,JPN,2010,62241.0,66944.0
Japan,JPN,2011,69841.0,73566.0
Japan,JPN,2012,62342.0,75605.0
Japan,JPN,2013,65167.0,76378.0
Japan,JPN,2014,84806.0,94121.0
Japan,JPN,2015,84308.0,95161.0
Japan,JPN,2016,95188.0,103577.0
Japan,JPN,2017,99559.0,107014.0
Japan,JPN,2018,104858.0,116064.0
Japan,JPN,2019,116991.0,134111.0
Japan,JPN,2020,114854.0,138843.0
Japan,JPN,2021,121260.0,148236.0
Japan,JPN,2022,113528.0,144842.0
Japan,JPN,2023,120276.0,150773.0
Kazakhstan,KAZ,2010,529.0,5232.0
Kazakhstan,KAZ,2011,563.0,4679.0
Kazakhstan,KAZ,2012,581.0,5128.0
Kazakhstan,KAZ,2013,622.0,5384.0
Kazakhstan,KAZ,2014,647.0,6703.0
Kazakhstan,KAZ,2015,572.0,5399.0
Kazakhstan,KAZ,2016,551.0,5081.0
Kazakhstan,KAZ,2017,524.0,4542.0
Kazakhstan,KAZ,2018,576.0,6092.0
Kazakhstan,KAZ,2019,737.0,5259.0
Kazakhstan,KAZ,2020,773.0,4490.0
Kazakhstan,KAZ,2021,861.0,3739.0
Kazakhstan,KAZ,2022,1330.0,3732.0
Kazakhstan,KAZ,2023,2406.0,4689.0
Kenya,KEN,2010,553.0,597.0
Kenya,KEN,2011,649.0,546.0
Kenya,KEN,2012,895.0,588.0
Kenya,KEN,2013,988.0,636.0
Kenya,KEN,2014,1143.0,770.0
Kenya,KEN,2015,1007.0,782.0
Kenya,KEN,2016,957.0,744.0
Kenya,KEN,2017,1207.0,878.0
Kenya,KEN,2018,1554.0,1150.0
Kenya,KEN,2019,1401.0,1116.0
Kenya,KEN,2020,1218.0,1124.0
Kenya,KEN,2021,1744.0,1230.0
Kenya,KEN,2022,2052.0,1774.0
Kenya,KEN,2023,,
Kyrgyz Republic,KGZ,2010,218.0,212.0
Kyrgyz Republic,KGZ,2011,223.0,153.0
Kyrgyz Republic,KGZ,2012,246.0,268.0
Kyrgyz Republic,KGZ,2013,236.0,160.0
Kyrgyz Republic,KGZ,2014,,156.0
Kyrgyz Republic,KGZ,2015,112.0,134.0
Kyrgyz Republic,KGZ,2016,126.0,126.0
Kyrgyz Republic,KGZ,2017,122.0,146.0
Kyrgyz Republic,KGZ,2018,89.0,113.0
Kyrgyz Republic,KGZ,2019,,130.0
Kyrgyz Republic,KGZ,2020,79.0,113.0
Kyrgyz Republic,KGZ,2021,73.0,
Kyrgyz Republic,KGZ,2022,181.0,
Kyrgyz Republic,KGZ,2023,,
Cambodia,KHM,2010,103.0,176.0
Cambodia,KHM,2011,127.0,192.0
Cambodia,KHM,2012,121.0,225.0
Cambodia,KHM,2013,125.0,267.0
Cambodia,KHM,2014,147.0,385.0
Cambodia,KHM,2015,138.0,353.0
Cambodia,KHM,2016,99.0,332.0
Cambodia,KHM,2017,93.0,356.0
Cambodia,KHM,2018,103.0,468.0
Cambodia,KHM,2019,158.0,426.0
Cambodia,KHM,2020,173.0,387.0
Cambodia,KHM,2021,152.0,463.0
Cambodia,KHM,2022,222.0,550.0
Cambodia,KHM,2023,318.0,543.0
Kiribati,KIR,2010,4.0,4.0
Kiribati,KIR,2011,4.0,5.0
Kiribati,KIR,2012,5.0,4.0
Kiribati,KIR,2013,3.0,3.0
Kiribati,KIR,2014,2.0,4.0
Kiribati,KIR,2015,2.0,3.0
Kiribati,KIR,2016,2.0,3.0
Kiribati,KIR,2017,,4.0
Kiribati,KIR,2018,0.0,5.0
Kiribati,KIR,2019,3.0,3.0
Kiribati,KIR,2020,,2.0
Kiribati,KIR,2021,0.0,2.0
Kiribati,KIR,2022,0.0,2.0
Kiribati,KIR,2023,,
St. Kitts and Nevis,KNA,2010,41.0,79.0
St. Kitts and Nevis,KNA,2011,39.0,88.0
St. Kitts and Nevis,KNA,2012,45.0,90.0
St. Kitts and Nevis,KNA,2013,33.0,112.0
St. Kitts and Nevis,KNA,2014,36.0,121.0
St. Kitts and Nevis,KNA,2015,36.0,117.0
St. Kitts and Nevis,KNA,2016,34.0,118.0
St. Kitts and Nevis,KNA,2017,36.0,107.0
St. Kitts and Nevis,KNA,2018,42.0,120.0
St. Kitts and Nevis,KNA,2019,28.0,134.0
St. Kitts and Nevis,KNA,2020,,101.0
St. Kitts and Nevis,KNA,2021,,116.0
St. Kitts and Nevis,KNA,2022,25.0,137.0
St. Kitts and Nevis,KNA,2023,24.0,148.0
"Korea, Rep.",KOR,2010,17369.0,35571.0
"Korea, Rep.",KOR,2011,21225.0,36105.0
"Korea, Rep.",KOR,2012,23738.0,41194.0
"Korea, Rep.",KOR,2013,25962.0,41770.0
"Korea, Rep.",KOR,2014,31452.0,44582.0
"Korea, Rep.",KOR,2015,31135.0,42891.0
"Korea, Rep.",KOR,2016,34164.0,42669.0
"Korea, Rep.",KOR,2017,36484.0,49087.0
"Korea, Rep.",KOR,2018,38827.0,49801.0
"Korea, Rep.",KOR,2019,41905.0,52381.0
"Korea, Rep.",KOR,2020,43479.0,51781.0
"Korea, Rep.",KOR,2021,55905.0,62591.0
"Korea, Rep.",KOR,2022,57181.0,63922.0
"Korea, Rep.",KOR,2023,63036.0,67945.0
Kuwait,KWT,2010,3915.0,1437.0
Kuwait,KWT,2011,4101.0,1871.0
Kuwait,KWT,2012,3744.0,2013.0
Kuwait,KWT,2013,4015.0,2932.0
Kuwait,KWT,2014,3649.0,2720.0
Kuwait,KWT,2015,3325.0,3137.0
Kuwait,KWT,2016,3143.0,4537.0
Kuwait,KWT,2017,3099.0,4903.0
Kuwait,KWT,2018,5860.0,8079.0
Kuwait,KWT,2019,5605.0,4691.0
Kuwait,KWT,2020,5427.0,3643.0
Kuwait,KWT,2021,5997.0,5587.0
Kuwait,KWT,2022,6381.0,5517.0
Kuwait,KWT,2023,6857.0,5667.0
Lao PDR,LAO,2010,39.0,23.0
Lao PDR,LAO,2011,56.0,42.0
Lao PDR,LAO,2012,40.0,44.0
Lao PDR,LAO,2013,85.0,72.0
Lao PDR,LAO,2014,51.0,29.0
Lao PDR,LAO,2015,46.0,37.0
Lao PDR,LAO,2016,32.0,29.0
Lao PDR,LAO,2017,39.0,63.0
Lao PDR,LAO,2018,31.0,73.0
Lao PDR,LAO,2019,62.0,72.0
Lao PDR,LAO,2020,46.0,65.0
Lao PDR,LAO,2021,52.0,66.0
Lao PDR,LAO,2022,34.0,51.0
Lao PDR,LAO,2023,,
Lebanon,LBN,2010,5663.0,5339.0
Lebanon,LBN,2011,8548.0,4150.0
Lebanon,LBN,2012,6579.0,3998.0
Lebanon,LBN,2013,7509.0,5076.0
Lebanon,LBN,2014,6446.0,4899.0
Lebanon,LBN,2015,7043.0,5209.0
Lebanon,LBN,2016,6760.0,5248.0
Lebanon,LBN,2017,5978.0,5442.0
Lebanon,LBN,2018,6156.0,5564.0
Lebanon,LBN,2019,,4660.0
Lebanon,LBN,2020,2739.0,2363.0
Lebanon,LBN,2021,2626.0,2150.0
Lebanon,LBN,2022,2697.0,1797.0
Lebanon,LBN,2023,2247.0,1565.0
Liberia,LBR,2010,5.0,154.0
Liberia,LBR,2011,7.0,187.0
Liberia,LBR,2012,5.0,236.0
Liberia,LBR,2013,5.0,289.0
Liberia,LBR,2014,6.0,290.0
Liberia,LBR,2015,5.0,92.0
Liberia,LBR,2016,24.0,68.0
Liberia,LBR,2017,10.0,72.0
Liberia,LBR,2018,9.0,77.0
Liberia,LBR,2019,9.0,70.0
Liberia,LBR,2020,71.0,173.0
Liberia,LBR,2021,87.0,146.0
Liberia,LBR,2022,99.0,141.0
Liberia,LBR,2023,,
Libya,LBY,2010,88.0,700.0
Libya,LBY,2011,10.0,290.0
Libya,LBY,2012,43.0,1299.0
Libya,LBY,2013,49.0,1694.0
Libya,LBY,2014,46.0,2572.0
Libya,LBY,2015,450.0,1808.0
Libya,LBY,2016,53.0,763.0
Libya,LBY,2017,66.0,930.0
Libya,LBY,2018,82.0,1212.0
Libya,LBY,2019,103.0,1910.0
Libya,LBY,2020,108.0,936.0
Libya,LBY,2021,82.0,2110.0
Libya,LBY,2022,,
Libya,LBY,2023,,
St. Lucia,LCA,2010,24.0,142.0
St. Lucia,LCA,2011,28.0,123.0
St. Lucia,LCA,2012,26.0,125.0
St. Lucia,LCA,2013,25.0,123.0
St. Lucia,LCA,2014,27.0,129.0
St. Lucia,LCA,2015,26.0,145.0
St. Lucia,LCA,2016,25.0,150.0
St. Lucia,LCA,2017,27.0,165.0
St. Lucia,LCA,2018,25.0,175.0
St. Lucia,LCA,2019,25.0,199.0
St. Lucia,LCA,2020,21.0,118.0
St. Lucia,LCA,2021,22.0,141.0
St. Lucia,LCA,2022,25.0,180.0
St. Lucia,LCA,2023,26.0,190.0
Sri Lanka,LKA,2010,865.0,849.0
Sri Lanka,LKA,2011,1008.0,1047.0
Sri Lanka,LKA,2012,1066.0,783.0
Sri Lanka,LKA,2013,1118.0,1011.0
Sri Lanka,LKA,2014,1177.0,1082.0
Sri Lanka,LKA,2015,1237.0,1148.0
Sri Lanka,LKA,2016,1290.0,1190.0
Sri Lanka,LKA,2017,1372.0,1238.0
Sri Lanka,LKA,2018,1422.0,1320.0
Sri Lanka,LKA,2019,1453.0,1361.0
Sri Lanka,LKA,2020,1153.0,790.0
Sri Lanka,LKA,2021,1339.0,533.0
Sri Lanka,LKA,2022,1228.0,494.0
Sri Lanka,LKA,2023,1414.0,1061.0
Lesotho,LSO,2010,10.0,62.0
Lesotho,LSO,2011,5.0,84.0
Lesotho,LSO,2012,6.0,87.0
Lesotho,LSO,2013,4.0,71.0
Lesotho,LSO,2014,3.0,68.0
Lesotho,LSO,2015,3.0,58.0
Lesotho,LSO,2016,4.0,51.0
Lesotho,LSO,2017,3.0,62.0
Lesotho,LSO,2018,1.0,59.0
Lesotho,LSO,2019,1.0,56.0
Lesotho,LSO,2020,1.0,47.0
Lesotho,LSO,2021,4.0,51.0
Lesotho,LSO,2022,1.0,48.0
Lesotho,LSO,2023,1.0,47.0
Lithuania,LTU,2010,483.0,464.0
Lithuania,LTU,2011,619.0,583.0
Lithuania,LTU,2012,643.0,761.0
Lithuania,LTU,2013,923.0,888.0
Lithuania,LTU,2014,977.0,1035.0
Lithuania,LTU,2015,881.0,954.0
Lithuania,LTU,2016,1116.0,1158.0
Lithuania,LTU,2017,1537.0,1237.0
Lithuania,LTU,2018,1871.0,1571.0
Lithuania,LTU,2019,2338.0,1755.0
Lithuania,LTU,2020,2824.0,1989.0
Lithuania,LTU,2021,4950.0,3381.0
Lithuania,LTU,2022,5285.0,4015.0
Lithuania,LTU,2023,7302.0,4579.0
Luxembourg,LUX,2010,54661.0,36136.0
Luxembourg,LUX,2011,60520.0,41182.0
Luxembourg,LUX,2012,63639.0,44336.0
Luxembourg,LUX,2013,73762.0,52676.0
Luxembourg,LUX,2014,83322.0,60440.0
Luxembourg,LUX,2015,81327.0,57952.0
Luxembourg,LUX,2016,82125.0,58101.0
Luxembourg,LUX,2017,88538.0,63893.0
Luxembourg,LUX,2018,96420.0,71604.0
Luxembourg,LUX,2019,103944.0,77511.0
Luxembourg,LUX,2020,105209.0,77765.0
Luxembourg,LUX,2021,129714.0,94793.0
Luxembourg,LUX,2022,118191.0,86329.0
Luxembourg,LUX,2023,121788.0,95142.0
Latvia,LVA,2010,1237.0,832.0
Latvia,LVA,2011,1435.0,983.0
Latvia,LVA,2012,1383.0,983.0
Latvia,LVA,2013,1588.0,1031.0
Latvia,LVA,2014,1629.0,988.0
Latvia,LVA,2015,1509.0,923.0
Latvia,LVA,2016,1716.0,1052.0
Latvia,LVA,2017,1868.0,1204.0
Latvia,LVA,2018,2227.0,1476.0
Latvia,LVA,2019,2301.0,1460.0
Latvia,LVA,2020,2473.0,1618.0
Latvia,LVA,2021,3008.0,2094.0
Latvia,LVA,2022,3550.0,2384.0
Latvia,LVA,2023,3471.0,2522.0
"Macao SAR, China",MAC,2010,872.0,919.0
"Macao SAR, China",MAC,2011,924.0,1174.0
"Macao SAR, China",MAC,2012,1044.0,1354.0
"Macao SAR, China",MAC,2013,1293.0,1519.0
"Macao SAR, China",MAC,2014,1656.0,1685.0
"Macao SAR, China",MAC,2015,1624.0,1583.0
"Macao SAR, China",MAC,2016,1686.0,1743.0
"Macao SAR, China",MAC,2017,2000.0,2026.0
"Macao SAR, China",MAC,2018,1962.0,2422.0
"Macao SAR, China",MAC,2019,2339.0,2520.0
"Macao SAR, China",MAC,2020,1949.0,1881.0
"Macao SAR, China",MAC,2021,2599.0,2428.0
"Macao SAR, China",MAC,2022,3331.0,2728.0
"Macao SAR, China",MAC,2023,,
Morocco,MAR,2010,2576.0,1751.0
Morocco,MAR,2011,2946.0,1977.0
Morocco,MAR,2012,3056.0,1915.0
Morocco,MAR,2013,3039.0,2115.0
Morocco,MAR,2014,3005.0,2092.0
Morocco,MAR,2015,2935.0,1882.0
Morocco,MAR,2016,3136.0,1835.0
Morocco,MAR,2017,3312.0,1927.0
Morocco,MAR,2018,3856.0,2248.0
Morocco,MAR,2019,4104.0,2158.0
Morocco,MAR,2020,4675.0,1941.0
Morocco,MAR,2021,5127.0,2442.0
Morocco,MAR,2022,5725.0,2523.0
Morocco,MAR,2023,6898.0,3017.0
Moldova,MDA,2010,214.0,151.0
Moldova,MDA,2011,256.0,150.0
Moldova,MDA,2012,270.0,167.0
Moldova,MDA,2013,287.0,194.0
Moldova,MDA,2014,293.0,216.0
Moldova,MDA,2015,261.0,195.0
Moldova,MDA,2016,260.0,207.0
Moldova,MDA,2017,290.0,226.0
Moldova,MDA,2018,354.0,275.0
Moldova,MDA,2019,401.0,268.0
Moldova,MDA,2020,430.0,221.0
Moldova,MDA,2021,597.0,280.0
Moldova,MDA,2022,703.0,278.0
Moldova,MDA,2023,893.0,319.0
Madagascar,MDG,2010,236.0,437.0
Madagascar,MDG,2011,174.0,289.0
Madagascar,MDG,2012,241.0,286.0
Madagascar,MDG,2013,200.0,293.0
Madagascar,MDG,2014,186.0,210.0
Madagascar,MDG,2015,179.0,195.0
Madagascar,MDG,2016,162.0,187.0
Madagascar,MDG,2017,187.0,257.0
Madagascar,MDG,2018,219.0,303.0
Madagascar,MDG,2019,221.0,294.0
Madagascar,MDG,2020,273.0,231.0
Madagascar,MDG,2021,373.0,308.0
Madagascar,MDG,2022,400.0,314.0
Madagascar,MDG,2023,,
Maldives,MDV,2010,51.0,83.0
Maldives,MDV,2011,58.0,194.0
Maldives,MDV,2012,57.0,227.0
Maldives,MDV,2013,62.0,293.0
Maldives,MDV,2014,82.0,350.0
Maldives,MDV,2015,88.0,380.0
Maldives,MDV,2016,93.0,446.0
Maldives,MDV,2017,63.0,457.0
Maldives,MDV,2018,58.0,568.0
Maldives,MDV,2019,59.0,617.0
Maldives,MDV,2020,31.0,348.0
Maldives,MDV,2021,34.0,526.0
Maldives,MDV,2022,37.0,699.0
Maldives,MDV,2023,44.0,686.0
Mexico,MEX,2010,5534.0,13103.0
Mexico,MEX,2011,6577.0,15415.0
Mexico,MEX,2012,6348.0,16418.0
Mexico,MEX,2013,6944.0,19057.0
Mexico,MEX,2014,8156.0,19235.0
Mexico,MEX,2015,7968.0,19915.0
Mexico,MEX,2016,8140.0,19918.0
Mexico,MEX,2017,10151.0,22504.0
Mexico,MEX,2018,9670.0,24237.0
Mexico,MEX,2019,9891.0,25634.0
Mexico,MEX,2020,9423.0,24839.0
Mexico,MEX,2021,11159.0,26486.0
Mexico,MEX,2022,12892.0,29099.0
Mexico,MEX,2023,,
Marshall Islands,MHL,2010,,19.0
Marshall Islands,MHL,2011,,19.0
Marshall Islands,MHL,2012,,20.0
Marshall Islands,MHL,2013,,20.0
Marshall Islands,MHL,2014,,19.0
Marshall Islands,MHL,2015,,22.0
Marshall Islands,MHL,2016,,23.0
Marshall Islands,MHL,2017,,29.0
Marshall Islands,MHL,2018,,27.0
Marshall Islands,MHL,2019,,26.0
Marshall Islands,MHL,2020,,20.0
Marshall Islands,MHL,2021,,14.0
Marshall Islands,MHL,2022,,14.0
Marshall Islands,MHL,2023,,
North Macedonia,MKD,2010,308.0,336.0
North Macedonia,MKD,2011,358.0,382.0
North Macedonia,MKD,2012,346.0,383.0
North Macedonia,MKD,2013,405.0,410.0
North Macedonia,MKD,2014,425.0,431.0
North Macedonia,MKD,2015,377.0,457.0
North Macedonia,MKD,2016,440.0,443.0
North Macedonia,MKD,2017,471.0,421.0
North Macedonia,MKD,2018,569.0,593.0
North Macedonia,MKD,2019,628.0,606.0
North Macedonia,MKD,2020,662.0,593.0
North Macedonia,MKD,2021,883.0,667.0
North Macedonia,MKD,2022,1099.0,622.0
North Macedonia,MKD,2023,1325.0,735.0
Mali,MLI,2010,131.0,169.0
Mali,MLI,2011,155.0,207.0
Mali,MLI,2012,166.0,206.0
Mali,MLI,2013,190.0,306.0
Mali,MLI,2014,189.0,260.0
Mali,MLI,2015,203.0,271.0
Mali,MLI,2016,210.0,348.0
Mali,MLI,2017,215.0,392.0
Mali,MLI,2018,229.0,329.0
Mali,MLI,2019,241.0,406.0
Mali,MLI,2020,222.0,280.0
Mali,MLI,2021,215.0,273.0
Mali,MLI,2022,203.0,303.0
Mali,MLI,2023,,
Malta,MLT,2010,7484.0,7220.0
Malta,MLT,2011,8253.0,7877.0
Malta,MLT,2012,8072.0,7594.0
Malta,MLT,2013,8792.0,8097.0
Malta,MLT,2014,9644.0,8334.0
Malta,MLT,2015,9554.0,8350.0
Malta,MLT,2016,9564.0,8434.0
Malta,MLT,2017,10655.0,9534.0
Malta,MLT,2018,10895.0,10124.0
Malta,MLT,2019,,11197.0
Malta,MLT,2020,,10849.0
Malta,MLT,2021,,12060.0
Malta,MLT,2022,,12806.0
Malta,MLT,2023,,14017.0
Myanmar,MMR,2010,39.0,261.0
Myanmar,MMR,2011,27.0,202.0
Myanmar,MMR,2012,193.0,446.0
Myanmar,MMR,2013,282.0,442.0
Myanmar,MMR,2014,573.0,560.0
Myanmar,MMR,2015,697.0,729.0
Myanmar,MMR,2016,570.0,743.0
Myanmar,MMR,2017,694.0,913.0
Myanmar,MMR,2018,728.0,1272.0
Myanmar,MMR,2019,1210.0,1396.0
Myanmar,MMR,2020,1096.0,1262.0
Myanmar,MMR,2021,368.0,
Myanmar,MMR,2022,,
Myanmar,MMR,2023,,
Montenegro,MNE,2010,101.0,145.0
Montenegro,MNE,2011,107.0,154.0
Montenegro,MNE,2012,109.0,157.0
Montenegro,MNE,2013,124.0,200.0
Montenegro,MNE,2014,136.0,170.0
Montenegro,MNE,2015,145.0,181.0
Montenegro,MNE,2016,157.0,209.0
Montenegro,MNE,2017,180.0,232.0
Montenegro,MNE,2018,220.0,301.0
Montenegro,MNE,2019,220.0,315.0
Montenegro,MNE,2020,247.0,256.0
Montenegro,MNE,2021,368.0,326.0
Montenegro,MNE,2022,433.0,315.0
Montenegro,MNE,2023,512.0,366.0
Mongolia,MNG,2010,38.0,180.0
Mongolia,MNG,2011,63.0,300.0
Mongolia,MNG,2012,112.0,507.0
Mongolia,MNG,2013,88.0,540.0
Mongolia,MNG,2014,79.0,800.0
Mongolia,MNG,2015,75.0,465.0
Mongolia,MNG,2016,103.0,945.0
Mongolia,MNG,2017,124.0,672.0
Mongolia,MNG,2018,147.0,801.0
Mongolia,MNG,2019,158.0,1114.0
Mongolia,MNG,2020,115.0,802.0
Mongolia,MNG,2021,103.0,834.0
Mongolia,MNG,2022,168.0,953.0
Mongolia,MNG,2023,211.0,1241.0
Mozambique,MOZ,2010,53.0,435.0
Mozambique,MOZ,2011,53.0,747.0
Mozambique,MOZ,2012,128.0,1194.0
Mozambique,MOZ,2013,52.0,1631.0
Mozambique,MOZ,2014,39.0,2711.0
Mozambique,MOZ,2015,74.0,1754.0
Mozambique,MOZ,2016,52.0,2436.0
Mozambique,MOZ,2017,40.0,2001.0
Mozambique,MOZ,2018,39.0,3376.0
Mozambique,MOZ,2019,58.0,1777.0
Mozambique,MOZ,2020,56.0,1955.0
Mozambique,MOZ,2021,51.0,1569.0
Mozambique,MOZ,2022,42.0,1179.0
Mozambique,MOZ,2023,33.0,969.0
Mauritania,MRT,2010,31.0,341.0
Mauritania,MRT,2011,52.0,395.0
Mauritania,MRT,2012,37.0,527.0
Mauritania,MRT,2013,33.0,484.0
Mauritania,MRT,2014,41.0,444.0
Mauritania,MRT,2015,35.0,322.0
Mauritania,MRT,2016,36.0,335.0
Mauritania,MRT,2017,42.0,363.0
Mauritania,MRT,2018,41.0,373.0
Mauritania,MRT,2019,29.0,425.0
Mauritania,MRT,2020,31.0,386.0
Mauritania,MRT,2021,46.0,388.0
Mauritania,MRT,2022,48.0,352.0
Mauritania,MRT,2023,,
Montserrat,MSR,2010,5.0,9.0
Montserrat,MSR,2011,5.0,7.0
Montserrat,MSR,2012,5.0,8.0
Montserrat,MSR,2013,5.0,18.0
Montserrat,MSR,2014,6.0,8.0
Montserrat,MSR,2015,6.0,7.0
Montserrat,MSR,2016,3.0,7.0
Montserrat,MSR,2017,3.0,13.0
Montserrat,MSR,2018,3.0,9.0
Montserrat,MSR,2019,3.0,9.0
Montserrat,MSR,2020,3.0,9.0
Montserrat,MSR,2021,3.0,13.0
Montserrat,MSR,2022,3.0,13.0
Montserrat,MSR,2023,3.0,14.0
Mauritius,MUS,2010,943.0,925.0
Mauritius,MUS,2011,1258.0,1370.0
Mauritius,MUS,2012,1462.0,1392.0
Mauritius,MUS,2013,1077.0,1165.0
Mauritius,MUS,2014,1055.0,1044.0
Mauritius,MUS,2015,973.0,918.0
Mauritius,MUS,2016,913.0,862.0
Mauritius,MUS,2017,955.0,886.0
Mauritius,MUS,2018,991.0,889.0
Mauritius,MUS,2019,917.0,823.0
Mauritius,MUS,2020,767.0,739.0
Mauritius,MUS,2021,849.0,787.0
Mauritius,MUS,2022,920.0,932.0
Mauritius,MUS,2023,983.0,1007.0
Malawi,MWI,2010,10.0,50.0
Malawi,MWI,2011,32.0,67.0
Malawi,MWI,2012,49.0,74.0
Malawi,MWI,2013,59.0,92.0
Malawi,MWI,2014,51.0,98.0
Malawi,MWI,2015,54.0,100.0
Malawi,MWI,2016,64.0,83.0
Malawi,MWI,2017,123.0,127.0
Malawi,MWI,2018,116.0,140.0
Malawi,MWI,2019,56.0,160.0
Malawi,MWI,2020,163.0,334.0
Malawi,MWI,2021,169.0,323.0
Malawi,MWI,2022,169.0,316.0
Malawi,MWI,2023,,
Malaysia,MYS,2010,7117.0,11373.0
Malaysia,MYS,2011,9338.0,13461.0
Malaysia,MYS,2012,10502.0,15045.0
Malaysia,MYS,2013,10894.0,15521.0
Malaysia,MYS,2014,9660.0,14928.0
Malaysia,MYS,2015,8644.0,13943.0
Malaysia,MYS,2016,9194.0,14611.0
Malaysia,MYS,2017,10055.0,14042.0
Malaysia,MYS,2018,11334.0,16574.0
Malaysia,MYS,2019,12131.0,17758.0
Malaysia,MYS,2020,12117.0,17523.0
Malaysia,MYS,2021,12395.0,20321.0
Malaysia,MYS,2022,13914.0,23451.0
Malaysia,MYS,2023,15544.0,25174.0
Namibia,NAM,2010,69.0,337.0
Namibia,NAM,2011,50.0,275.0
Namibia,NAM,2012,60.0,234.0
Namibia,NAM,2013,52.0,332.0
Namibia,NAM,2014,85.0,371.0
Namibia,NAM,2015,71.0,285.0
Namibia,NAM,2016,56.0,246.0
Namibia,NAM,2017,74.0,234.0
Namibia,NAM,2018,59.0,209.0
Namibia,NAM,2019,51.0,210.0
Namibia,NAM,2020,203.0,330.0
Namibia,NAM,2021,235.0,442.0
Namibia,NAM,2022,270.0,513.0
Namibia,NAM,2023,,1373.0
New Caledonia,NCL,2010,42.0,679.0
New Caledonia,NCL,2011,27.0,678.0
New Caledonia,NCL,2012,30.0,806.0
New Caledonia,NCL,2013,43.0,700.0
New Caledonia,NCL,2014,32.0,562.0
New Caledonia,NCL,2015,32.0,619.0
New Caledonia,NCL,2016,34.0,594.0
New Caledonia,NCL,2017,37.0,576.0
New Caledonia,NCL,2018,41.0,625.0
New Caledonia,NCL,2019,41.0,584.0
New Caledonia,NCL,2020,31.0,589.0
New Caledonia,NCL,2021,27.0,626.0
New Caledonia,NCL,2022,48.0,677.0
New Caledonia,NCL,2023,,
Niger,NER,2010,16.0,117.0
Niger,NER,2011,8.0,194.0
Niger,NER,2012,14.0,
Niger,NER,2013,78.0,265.0
Niger,NER,2014,161.0,226.0
Niger,NER,2015,125.0,195.0
Niger,NER,2016,93.0,129.0
Niger,NER,2017,103.0,187.0
Niger,NER,2018,98.0,183.0
Niger,NER,2019,98.0,179.0
Niger,NER,2020,65.0,195.0
Niger,NER,2021,79.0,204.0
Niger,NER,2022,123.0,185.0
Niger,NER,2023,,
Nigeria,NGA,2010,76.0,4135.0
Nigeria,NGA,2011,95.0,5397.0
Nigeria,NGA,2012,106.0,4934.0
Nigeria,NGA,2013,235.0,4604.0
Nigeria,NGA,2014,168.0,7162.0
Nigeria,NGA,2015,442.0,4474.0
Nigeria,NGA,2016,496.0,4001.0
Nigeria,NGA,2017,689.0,5669.0
Nigeria,NGA,2018,1044.0,9742.0
Nigeria,NGA,2019,1058.0,12292.0
Nigeria,NGA,2020,1155.0,6525.0
Nigeria,NGA,2021,1007.0,4649.0
Nigeria,NGA,2022,1240.0,4216.0
Nigeria,NGA,2023,1363.0,4360.0
Nicaragua,NIC,2010,126.0,201.0
Nicaragua,NIC,2011,140.0,235.0
Nicaragua,NIC,2012,159.0,222.0
Nicaragua,NIC,2013,166.0,305.0
Nicaragua,NIC,2014,168.0,261.0
Nicaragua,NIC,2015,170.0,257.0
Nicaragua,NIC,2016,193.0,235.0
Nicaragua,NIC,2017,187.0,211.0
Nicaragua,NIC,2018,219.0,218.0
Nicaragua,NIC,2019,210.0,190.0
Nicaragua,NIC,2020,204.0,174.0
Nicaragua,NIC,2021,245.0,210.0
Nicaragua,NIC,2022,309.0,233.0
Nicaragua,NIC,2023,301.0,265.0
Niue,NIU,2010,0.0,1.0
Niue,NIU,2011,0.0,1.0
Niue,NIU,2012,0.0,1.0
Niue,NIU,2013,0.0,1.0
Niue,NIU,2014,0.0,1.0
Niue,NIU,2015,0.0,1.0
Niue,NIU,2016,0.0,1.0
Niue,NIU,2017,0.0,1.0
Niue,NIU,2018,0.0,1.0
Niue,NIU,2019,0.0,1.0
Niue,NIU,2020,0.0,1.0
Niue,NIU,2021,0.0,1.0
Niue,NIU,2022,0.0,1.0
Niue,NIU,2023,,
Netherlands,NLD,2010,91658.0,80156.0
Netherlands,NLD,2011,99768.0,87988.0
Netherlands,NLD,2012,94974.0,83192.0
Netherlands,NLD,2013,100301.0,89097.0
Netherlands,NLD,2014,124287.0,132094.0
Netherlands,NLD,2015,124286.0,157942.0
Netherlands,NLD,2016,120301.0,128687.0
Netherlands,NLD,2017,142943.0,150831.0
Netherlands,NLD,2018,166705.0,178401.0
Netherlands,NLD,2019,184069.0,186809.0
Netherlands,NLD,2020,150599.0,153646.0
Netherlands,NLD,2021,165164.0,172797.0
Netherlands,NLD,2022,177593.0,178083.0
Netherlands,NLD,2023,200985.0,206596.0
Norway,NOR,2010,13484.0,15926.0
Norway,NOR,2011,13900.0,17144.0
Norway,NOR,2012,17325.0,18715.0
Norway,NOR,2013,18525.0,20084.0
Norway,NOR,2014,18080.0,20422.0
Norway,NOR,2015,15990.0,18222.0
Norway,NOR,2016,16611.0,19725.0
Norway,NOR,2017,14987.0,19860.0
Norway,NOR,2018,16650.0,19927.0
Norway,NOR,2019,16033.0,20786.0
Norway,NOR,2020,16520.0,22437.0
Norway,NOR,2021,19104.0,24045.0
Norway,NOR,2022,19406.0,25532.0
Norway,NOR,2023,21197.0,27546.0
Nepal,NPL,2010,124.0,145.0
Nepal,NPL,2011,237.0,149.0
Nepal,NPL,2012,328.0,108.0
Nepal,NPL,2013,448.0,143.0
Nepal,NPL,2014,509.0,199.0
Nepal,NPL,2015,487.0,213.0
Nepal,NPL,2016,489.0,203.0
Nepal,NPL,2017,550.0,237.0
Nepal,NPL,2018,580.0,306.0
Nepal,NPL,2019,540.0,361.0
Nepal,NPL,2020,428.0,264.0
Nepal,NPL,2021,409.0,316.0
Nepal,NPL,2022,513.0,351.0
Nepal,NPL,2023,621.0,320.0
Nauru,NRU,2010,1.0,0.0
Nauru,NRU,2011,1.0,1.0
Nauru,NRU,2012,0.0,2.0
Nauru,NRU,2013,11.0,2.0
Nauru,NRU,2014,9.0,2.0
Nauru,NRU,2015,8.0,2.0
Nauru,NRU,2016,6.0,2.0
Nauru,NRU,2017,6.0,1.0
Nauru,NRU,2018,6.0,1.0
Nauru,NRU,2019,6.0,1.0
Nauru,NRU,2020,3.0,1.0
Nauru,NRU,2021,,
Nauru,NRU,2022,,
Nauru,NRU,2023,,
New Zealand,NZL,2010,2717.0,3551.0
New Zealand,NZL,2011,3238.0,4624.0
New Zealand,NZL,2012,3351.0,4821.0
New Zealand,NZL,2013,3342.0,4971.0
New Zealand,NZL,2014,3365.0,5073.0
New Zealand,NZL,2015,3195.0,4713.0
New Zealand,NZL,2016,3662.0,4978.0
New Zealand,NZL,2017,3712.0,5448.0
New Zealand,NZL,2018,3263.0,6112.0
New Zealand,NZL,2019,3987.0,7014.0
New Zealand,NZL,2020,3758.0,7200.0
New Zealand,NZL,2021,5061.0,8360.0
New Zealand,NZL,2022,4246.0,8831.0
New Zealand,NZL,2023,4525.0,7901.0
Oman,OMN,2010,172.0,
Oman,OMN,2011,174.0,
Oman,OMN,2012,201.0,
Oman,OMN,2013,277.0,
Oman,OMN,2014,289.0,
Oman,OMN,2015,289.0,
Oman,OMN,2016,301.0,
Oman,OMN,2017,314.0,3157.0
Oman,OMN,2018,412.0,3058.0
Oman,OMN,2019,447.0,3532.0
Oman,OMN,2020,462.0,3520.0
Oman,OMN,2021,531.0,3627.0
Oman,OMN,2022,608.0,3887.0
Oman,OMN,2023,,
Pakistan,PAK,2010,1146.0,1531.0
Pakistan,PAK,2011,1194.0,1795.0
Pakistan,PAK,2012,1217.0,2315.0
Pakistan,PAK,2013,1541.0,2124.0
Pakistan,PAK,2014,1631.0,2049.0
Pakistan,PAK,2015,1624.0,2335.0
Pakistan,PAK,2016,1788.0,2764.0
Pakistan,PAK,2017,2096.0,3185.0
Pakistan,PAK,2018,2310.0,2941.0
Pakistan,PAK,2019,2463.0,2834.0
Pakistan,PAK,2020,2802.0,2999.0
Pakistan,PAK,2021,3722.0,2904.0
Pakistan,PAK,2022,4173.0,2167.0
Pakistan,PAK,2023,4053.0,2122.0
Panama,PAN,2010,1575.0,764.0
Panama,PAN,2011,1932.0,1392.0
Panama,PAN,2012,1932.0,1416.0
Panama,PAN,2013,1930.0,1623.0
Panama,PAN,2014,1892.0,1644.0
Panama,PAN,2015,2211.0,1612.0
Panama,PAN,2016,2210.0,1428.0
Panama,PAN,2017,2213.0,1424.0
Panama,PAN,2018,2095.0,1636.0
Panama,PAN,2019,2072.0,1390.0
Panama,PAN,2020,1634.0,1284.0
Panama,PAN,2021,1581.0,979.0
Panama,PAN,2022,2112.0,1273.0
Panama,PAN,2023,2723.0,1632.0
Peru,PER,2010,659.0,1934.0
Peru,PER,2011,831.0,2148.0
Peru,PER,2012,,
Peru,PER,2013,,
Peru,PER,2014,,
Peru,PER,2015,,
Peru,PER,2016,,
Peru,PER,2017,,
Peru,PER,2018,,
Peru,PER,2019,,
Peru,PER,2020,,
Peru,PER,2021,,
Peru,PER,2022,,6084.0
Peru,PER,2023,,6959.0
Philippines,PHL,2010,8923.0,2638.0
Philippines,PHL,2011,9477.0,2812.0
Philippines,PHL,2012,9860.0,3254.0
Philippines,PHL,2013,11332.0,3887.0
Philippines,PHL,2014,12415.0,5072.0
Philippines,PHL,2015,14433.0,6801.0
Philippines,PHL,2016,15001.0,7143.0
Philippines,PHL,2017,15247.0,7722.0
Philippines,PHL,2018,16289.0,8592.0
Philippines,PHL,2019,16917.0,9976.0
Philippines,PHL,2020,16682.0,8924.0
Philippines,PHL,2021,18183.0,10607.0
Philippines,PHL,2022,19817.0,12777.0
Philippines,PHL,2023,21391.0,14250.0
Palau,PLW,2010,1.0,8.0
Palau,PLW,2011,1.0,7.0
Palau,PLW,2012,1.0,8.0
Palau,PLW,2013,0.0,7.0
Palau,PLW,2014,0.0,8.0
Palau,PLW,2015,1.0,9.0
Palau,PLW,2016,1.0,11.0
Palau,PLW,2017,1.0,15.0
Palau,PLW,2018,1.0,12.0
Palau,PLW,2019,1.0,12.0
Palau,PLW,2020,1.0,11.0
Palau,PLW,2021,1.0,9.0
Palau,PLW,2022,1.0,15.0
Palau,PLW,2023,,
Papua New Guinea,PNG,2010,36.0,920.0
Papua New Guinea,PNG,2011,110.0,660.0
Papua New Guinea,PNG,2012,85.0,815.0
Papua New Guinea,PNG,2013,77.0,828.0
Papua New Guinea,PNG,2014,49.0,603.0
Papua New Guinea,PNG,2015,23.0,1504.0
Papua New Guinea,PNG,2016,13.0,1139.0
Papua New Guinea,PNG,2017,43.0,1307.0
Papua New Guinea,PNG,2018,63.0,1425.0
Papua New Guinea,PNG,2019,96.0,1373.0
Papua New Guinea,PNG,2020,28.0,1360.0
Papua New Guinea,PNG,2021,30.0,1439.0
Papua New Guinea,PNG,2022,35.0,1878.0
Papua New Guinea,PNG,2023,23.0,1459.0
Poland,POL,2010,12108.0,14579.0
Poland,POL,2011,12813.0,16228.0
Poland,POL,2012,13294.0,15602.0
Poland,POL,2013,14503.0,15862.0
Poland,POL,2014,16373.0,17011.0
Poland,POL,2015,15801.0,15515.0
Poland,POL,2016,17815.0,16738.0
Poland,POL,2017,21192.0,18593.0
Poland,POL,2018,26098.0,21557.0
Poland,POL,2019,27694.0,21634.0
Poland,POL,2020,30199.0,22998.0
Poland,POL,2021,36590.0,26924.0
Poland,POL,2022,40418.0,30189.0
Poland,POL,2023,48431.0,37464.0
Portugal,PRT,2010,5135.0,6156.0
Portugal,PRT,2011,6232.0,6177.0
Portugal,PRT,2012,5686.0,4987.0
Portugal,PRT,2013,6965.0,5292.0
Portugal,PRT,2014,7373.0,6440.0
Portugal,PRT,2015,6677.0,5758.0
Portugal,PRT,2016,6830.0,6313.0
Portugal,PRT,2017,7291.0,6516.0
Portugal,PRT,2018,8096.0,7192.0
Portugal,PRT,2019,8386.0,7643.0
Portugal,PRT,2020,8745.0,7706.0
Portugal,PRT,2021,11362.0,8864.0
Portugal,PRT,2022,12269.0,8894.0
Portugal,PRT,2023,14504.0,10742.0
Paraguay,PRY,2010,36.0,98.0
Paraguay,PRY,2011,26.0,115.0
Paraguay,PRY,2012,20.0,113.0
Paraguay,PRY,2013,23.0,175.0
Paraguay,PRY,2014,29.0,163.0
Paraguay,PRY,2015,31.0,163.0
Paraguay,PRY,2016,28.0,147.0
Paraguay,PRY,2017,32.0,139.0
Paraguay,PRY,2018,30.0,165.0
Paraguay,PRY,2019,29.0,162.0
Paraguay,PRY,2020,33.0,143.0
Paraguay,PRY,2021,34.0,151.0
Paraguay,PRY,2022,37.0,116.0
Paraguay,PRY,2023,33.0,203.0
West Bank and Gaza,PSE,2010,55.0,124.0
West Bank and Gaza,PSE,2011,37.0,104.0
West Bank and Gaza,PSE,2012,85.0,164.0
West Bank and Gaza,PSE,2013,155.0,152.0
West Bank and Gaza,PSE,2014,133.0,179.0
West Bank and Gaza,PSE,2015,105.0,313.0
West Bank and Gaza,PSE,2016,74.0,261.0
West Bank and Gaza,PSE,2017,106.0,250.0
West Bank and Gaza,PSE,2018,142.0,356.0
West Bank and Gaza,PSE,2019,40.0,177.0
West Bank and Gaza,PSE,2020,45.0,160.0
West Bank and Gaza,PSE,2021,50.0,204.0
West Bank and Gaza,PSE,2022,62.0,239.0
West Bank and Gaza,PSE,2023,,
French Polynesia,PYF,2010,50.0,150.0
French Polynesia,PYF,2011,42.0,122.0
French Polynesia,PYF,2012,35.0,99.0
French Polynesia,PYF,2013,39.0,106.0
French Polynesia,PYF,2014,51.0,101.0
French Polynesia,PYF,2015,31.0,75.0
French Polynesia,PYF,2016,32.0,91.0
French Polynesia,PYF,2017,33.0,98.0
French Polynesia,PYF,2018,33.0,96.0
French Polynesia,PYF,2019,24.0,118.0
French Polynesia,PYF,2020,32.0,104.0
French Polynesia,PYF,2021,29.0,97.0
French Polynesia,PYF,2022,33.0,94.0
French Polynesia,PYF,2023,,
Qatar,QAT,2010,550.0,1307.0
Qatar,QAT,2011,490.0,
Qatar,QAT,2012,1213.0,6111.0
Qatar,QAT,2013,1147.0,7530.0
Qatar,QAT,2014,1583.0,8759.0
Qatar,QAT,2015,1455.0,8202.0
Qatar,QAT,2016,1389.0,8991.0
Qatar,QAT,2017,1212.0,8650.0
Qatar,QAT,2018,1882.0,10244.0
Qatar,QAT,2019,2062.0,10103.0
Qatar,QAT,2020,3360.0,10653.0
Qatar,QAT,2021,2036.0,10020.0
Qatar,QAT,2022,3140.0,
Qatar,QAT,2023,3415.0,
Romania,ROU,2010,4173.0,4189.0
Romania,ROU,2011,4671.0,4957.0
Romania,ROU,2012,5386.0,4880.0
Romania,ROU,2013,6854.0,6472.0
Romania,ROU,2014,7902.0,6587.0
Romania,ROU,2015,7283.0,5929.0
Romania,ROU,2016,8443.0,6250.0
Romania,ROU,2017,9777.0,7170.0
Romania,ROU,2018,11945.0,8321.0
Romania,ROU,2019,13197.0,9417.0
Romania,ROU,2020,13914.0,9286.0
Romania,ROU,2021,16487.0,11535.0
Romania,ROU,2022,18640.0,11405.0
Romania,ROU,2023,21133.0,13153.0
Russian Federation,RUS,2010,17631.0,26793.0
Russian Federation,RUS,2011,20612.0,31587.0
Russian Federation,RUS,2012,23007.0,35603.0
Russian Federation,RUS,2013,26564.0,39844.0
Russian Federation,RUS,2014,24428.0,39532.0
Russian Federation,RUS,2015,19848.0,30328.0
Russian Federation,RUS,2016,18551.0,29332.0
Russian Federation,RUS,2017,20129.0,33481.0
Russian Federation,RUS,2018,21297.0,33767.0
Russian Federation,RUS,2019,21578.0,34931.0
Russian Federation,RUS,2020,20715.0,31021.0
Russian Federation,RUS,2021,24533.0,35470.0
Russian Federation,RUS,2022,18683.0,23574.0
Russian Federation,RUS,2023,10973.0,16114.0
Rwanda,RWA,2010,32.0,18.0
Rwanda,RWA,2011,28.0,15.0
Rwanda,RWA,2012,31.0,13.0
Rwanda,RWA,2013,39.0,18.0
Rwanda,RWA,2014,32.0,15.0
Rwanda,RWA,2015,36.0,34.0
Rwanda,RWA,2016,31.0,35.0
Rwanda,RWA,2017,37.0,50.0
Rwanda,RWA,2018,36.0,50.0
Rwanda,RWA,2019,36.0,58.0
Rwanda,RWA,2020,35.0,46.0
Rwanda,RWA,2021,48.0,56.0
Rwanda,RWA,2022,45.0,57.0
Rwanda,RWA,2023,60.0,87.0
Saudi Arabia,SAU,2010,1627.0,12801.0
Saudi Arabia,SAU,2011,702.0,18905.0
Saudi Arabia,SAU,2012,895.0,11846.0
Saudi Arabia,SAU,2013,1019.0,10840.0
Saudi Arabia,SAU,2014,862.0,13534.0
Saudi Arabia,SAU,2015,830.0,10801.0
Saudi Arabia,SAU,2016,1093.0,11380.0
Saudi Arabia,SAU,2017,993.0,14127.0
Saudi Arabia,SAU,2018,1560.0,14274.0
Saudi Arabia,SAU,2019,2383.0,13949.0
Saudi Arabia,SAU,2020,2345.0,9679.0
Saudi Arabia,SAU,2021,3269.0,33484.0
Saudi Arabia,SAU,2022,3285.0,27467.0
Saudi Arabia,SAU,2023,3877.0,32820.0
Sudan,SDN,2010,,
Sudan,SDN,2011,,
Sudan,SDN,2012,46.0,299.0
Sudan,SDN,2013,35.0,379.0
Sudan,SDN,2014,40.0,467.0
Sudan,SDN,2015,25.0,147.0
Sudan,SDN,2016,55.0,179.0
Sudan,SDN,2017,64.0,273.0
Sudan,SDN,2018,3.0,190.0
Sudan,SDN,2019,12.0,258.0
Sudan,SDN,2020,29.0,168.0
Sudan,SDN,2021,27.0,235.0
Sudan,SDN,2022,7.0,190.0
Sudan,SDN,2023,,
Senegal,SEN,2010,369.0,331.0
Senegal,SEN,2011,395.0,363.0
Senegal,SEN,2012,453.0,363.0
Senegal,SEN,2013,507.0,380.0
Senegal,SEN,2014,507.0,400.0
Senegal,SEN,2015,460.0,361.0
Senegal,SEN,2016,446.0,383.0
Senegal,SEN,2017,466.0,414.0
Senegal,SEN,2018,427.0,434.0
Senegal,SEN,2019,382.0,575.0
Senegal,SEN,2020,333.0,475.0
Senegal,SEN,2021,418.0,578.0
Senegal,SEN,2022,,
Senegal,SEN,2023,,
Singapore,SGP,2010,37658.0,44966.0
Singapore,SGP,2011,47176.0,56913.0
Singapore,SGP,2012,54421.0,66009.0
Singapore,SGP,2013,62770.0,75752.0
Singapore,SGP,2014,70750.0,82009.0
Singapore,SGP,2015,77557.0,79288.0
Singapore,SGP,2016,80285.0,80683.0
Singapore,SGP,2017,94489.0,94759.0
Singapore,SGP,2018,114403.0,101049.0
Singapore,SGP,2019,123383.0,105871.0
Singapore,SGP,2020,133222.0,121257.0
Singapore,SGP,2021,161138.0,141936.0
Singapore,SGP,2022,176576.0,153465.0
Singapore,SGP,2023,186790.0,162639.0
Solomon Islands,SLB,2010,12.0,
Solomon Islands,SLB,2011,21.0,64.0
Solomon Islands,SLB,2012,,71.0
Solomon Islands,SLB,2013,12.0,93.0
Solomon Islands,SLB,2014,13.0,79.0
Solomon Islands,SLB,2015,10.0,58.0
Solomon Islands,SLB,2016,11.0,65.0
Solomon Islands,SLB,2017,7.0,71.0
Solomon Islands,SLB,2018,6.0,78.0
Solomon Islands,SLB,2019,9.0,99.0
Solomon Islands,SLB,2020,8.0,70.0
Solomon Islands,SLB,2021,6.0,64.0
Solomon Islands,SLB,2022,11.0,78.0
Solomon Islands,SLB,2023,9.0,100.0
Sierra Leone,SLE,2010,3.0,109.0
Sierra Leone,SLE,2011,77.0,144.0
Sierra Leone,SLE,2012,101.0,193.0
Sierra Leone,SLE,2013,101.0,292.0
Sierra Leone,SLE,2014,127.0,537.0
Sierra Leone,SLE,2015,116.0,322.0
Sierra Leone,SLE,2016,8.0,143.0
Sierra Leone,SLE,2017,12.0,107.0
Sierra Leone,SLE,2018,10.0,99.0
Sierra Leone,SLE,2019,5.0,92.0
Sierra Leone,SLE,2020,7.0,35.0
Sierra Leone,SLE,2021,36.0,54.0
Sierra Leone,SLE,2022,12.0,14.0
Sierra Leone,SLE,2023,,
El Salvador,SLV,2010,228.0,302.0
El Salvador,SLV,2011,202.0,339.0
El Salvador,SLV,2012,285.0,377.0
El Salvador,SLV,2013,303.0,436.0
El Salvador,SLV,2014,311.0,478.0
El Salvador,SLV,2015,354.0,445.0
El Salvador,SLV,2016,394.0,542.0
El Salvador,SLV,2017,435.0,585.0
El Salvador,SLV,2018,407.0,587.0
El Salvador,SLV,2019,463.0,608.0
El Salvador,SLV,2020,509.0,672.0
El Salvador,SLV,2021,705.0,891.0
El Salvador,SLV,2022,809.0,824.0
El Salvador,SLV,2023,845.0,868.0
Somalia,SOM,2013,,
Somalia,SOM,2014,,
Somalia,SOM,2015,,
Somalia,SOM,2016,,
Somalia,SOM,2017,,
Somalia,SOM,2018,,
Somalia,SOM,2019,,
Somalia,SOM,2020,,
Somalia,SOM,2021,,
Somalia,SOM,2022,,
Somalia,SOM,2023,,
Serbia,SRB,2010,1346.0,1221.0
Serbia,SRB,2011,1591.0,1444.0
Serbia,SRB,2012,1583.0,1440.0
Serbia,SRB,2013,1821.0,1596.0
Serbia,SRB,2014,1966.0,1676.0
Serbia,SRB,2015,1944.0,1434.0
Serbia,SRB,2016,2162.0,1466.0
Serbia,SRB,2017,2671.0,1779.0
Serbia,SRB,2018,3384.0,2215.0
Serbia,SRB,2019,4047.0,2587.0
Serbia,SRB,2020,4177.0,2618.0
Serbia,SRB,2021,5284.0,3326.0
Serbia,SRB,2022,6626.0,3465.0
Serbia,SRB,2023,8505.0,4236.0
South Sudan,SSD,2010,,
South Sudan,SSD,2011,,
South Sudan,SSD,2012,14.0,
South Sudan,SSD,2013,12.0,
South Sudan,SSD,2014,26.0,
South Sudan,SSD,2015,52.0,
South Sudan,SSD,2016,122.0,257.0
South Sudan,SSD,2017,74.0,217.0
South Sudan,SSD,2018,53.0,200.0
South Sudan,SSD,2019,115.0,37.0
South Sudan,SSD,2020,147.0,97.0
South Sudan,SSD,2021,,
South Sudan,SSD,2022,624.0,
South Sudan,SSD,2023,,
Sub-Saharan Africa,SSF,2010,9712.0,32907.0
Sub-Saharan Africa,SSF,2011,11732.0,38757.0
Sub-Saharan Africa,SSF,2012,13632.0,39007.0
Sub-Saharan Africa,SSF,2013,13078.0,42491.0
Sub-Saharan Africa,SSF,2014,13275.0,47548.0
Sub-Saharan Africa,SSF,2015,16558.0,39545.0
Sub-Saharan Africa,SSF,2016,16169.0,34139.0
Sub-Saharan Africa,SSF,2017,18293.0,39043.0
Sub-Saharan Africa,SSF,2018,21341.0,45686.0
Sub-Saharan Africa,SSF,2019,22111.0,45944.0
Sub-Saharan Africa,SSF,2020,20091.0,41170.0
Sub-Saharan Africa,SSF,2021,22897.0,41024.0
Sub-Saharan Africa,SSF,2022,24225.0,42272.0
Sub-Saharan Africa,SSF,2023,26363.0,49275.0
Sao Tome and Principe,STP,2010,2.0,2.0
Sao Tome and Principe,STP,2011,2.0,3.0
Sao Tome and Principe,STP,2012,2.0,2.0
Sao Tome and Principe,STP,2013,1.0,3.0
Sao Tome and Principe,STP,2014,1.0,3.0
Sao Tome and Principe,STP,2015,2.0,6.0
Sao Tome and Principe,STP,2016,2.0,3.0
Sao Tome and Principe,STP,2017,1.0,3.0
Sao Tome and Principe,STP,2018,0.0,3.0
Sao Tome and Principe,STP,2019,1.0,5.0
Sao Tome and Principe,STP,2020,3.0,5.0
Sao Tome and Principe,STP,2021,4.0,9.0
Sao Tome and Principe,STP,2022,4.0,8.0
Sao Tome and Principe,STP,2023,,
Suriname,SUR,2010,59.0,126.0
Suriname,SUR,2011,53.0,252.0
Suriname,SUR,2012,64.0,
Suriname,SUR,2013,54.0,354.0
Suriname,SUR,2014,69.0,492.0
Suriname,SUR,2015,47.0,482.0
Suriname,SUR,2016,74.0,367.0
Suriname,SUR,2017,29.0,231.0
Suriname,SUR,2018,28.0,301.0
Suriname,SUR,2019,24.0,364.0
Suriname,SUR,2020,23.0,322.0
Suriname,SUR,2021,28.0,253.0
Suriname,SUR,2022,37.0,299.0
Suriname,SUR,2023,49.0,355.0
Slovak Republic,SVK,2010,1495.0,2368.0
Slovak Republic,SVK,2011,1772.0,2281.0
Slovak Republic,SVK,2012,2408.0,2140.0
Slovak Republic,SVK,2013,3139.0,3510.0
Slovak Republic,SVK,2014,3032.0,3523.0
Slovak Republic,SVK,2015,2680.0,3273.0
Slovak Republic,SVK,2016,3079.0,3751.0
Slovak Republic,SVK,2017,3875.0,4042.0
Slovak Republic,SVK,2018,4390.0,4588.0
Slovak Republic,SVK,2019,4406.0,4600.0
Slovak Republic,SVK,2020,4613.0,4467.0
Slovak Republic,SVK,2021,5029.0,5037.0
Slovak Republic,SVK,2022,4967.0,4820.0
Slovak Republic,SVK,2023,5609.0,5211.0
Slovenia,SVN,2010,1588.0,2051.0
Slovenia,SVN,2011,1799.0,2345.0
Slovenia,SVN,2012,1701.0,2261.0
Slovenia,SVN,2013,1821.0,2223.0
Slovenia,SVN,2014,2022.0,2509.0
Slovenia,SVN,2015,1800.0,2229.0
Slovenia,SVN,2016,1980.0,2371.0
Slovenia,SVN,2017,2304.0,2623.0
Slovenia,SVN,2018,2586.0,2885.0
Slovenia,SVN,2019,2668.0,2886.0
Slovenia,SVN,2020,2773.0,2961.0
Slovenia,SVN,2021,3590.0,3437.0
Slovenia,SVN,2022,3800.0,3411.0
Slovenia,SVN,2023,4265.0,3777.0
Sweden,SWE,2010,31426.0,23560.0
Sweden,SWE,2011,39604.0,27532.0
Sweden,SWE,2012,39517.0,27670.0
Sweden,SWE,2013,46838.0,30733.0
Sweden,SWE,2014,49303.0,35290.0
Sweden,SWE,2015,46694.0,31838.0
Sweden,SWE,2016,45907.0,32165.0
Sweden,SWE,2017,46034.0,37730.0
Sweden,SWE,2018,48115.0,40418.0
Sweden,SWE,2019,54014.0,43104.0
Sweden,SWE,2020,52999.0,48842.0
Sweden,SWE,2021,67504.0,64177.0
Sweden,SWE,2022,67414.0,71397.0
Sweden,SWE,2023,80399.0,76015.0
Eswatini,SWZ,2010,84.0,449.0
Eswatini,SWZ,2011,27.0,73.0
Eswatini,SWZ,2012,26.0,89.0
Eswatini,SWZ,2013,13.0,93.0
Eswatini,SWZ,2014,22.0,122.0
Eswatini,SWZ,2015,20.0,52.0
Eswatini,SWZ,2016,13.0,81.0
Eswatini,SWZ,2017,69.0,112.0
Eswatini,SWZ,2018,22.0,107.0
Eswatini,SWZ,2019,23.0,76.0
Eswatini,SWZ,2020,22.0,95.0
Eswatini,SWZ,2021,22.0,95.0
Eswatini,SWZ,2022,17.0,141.0
Eswatini,SWZ,2023,,
Sint Maarten (Dutch part),SXM,2010,,
Sint Maarten (Dutch part),SXM,2011,116.0,89.0
Sint Maarten (Dutch part),SXM,2012,130.0,93.0
Sint Maarten (Dutch part),SXM,2013,140.0,94.0
Sint Maarten (Dutch part),SXM,2014,151.0,132.0
Sint Maarten (Dutch part),SXM,2015,135.0,119.0
Sint Maarten (Dutch part),SXM,2016,113.0,122.0
Sint Maarten (Dutch part),SXM,2017,129.0,117.0
Sint Maarten (Dutch part),SXM,2018,125.0,144.0
Sint Maarten (Dutch part),SXM,2019,138.0,148.0
Sint Maarten (Dutch part),SXM,2020,89.0,107.0
Sint Maarten (Dutch part),SXM,2021,84.0,118.0
Sint Maarten (Dutch part),SXM,2022,93.0,116.0
Sint Maarten (Dutch part),SXM,2023,97.0,160.0
Seychelles,SYC,2010,33.0,79.0
Seychelles,SYC,2011,38.0,86.0
Seychelles,SYC,2012,140.0,174.0
Seychelles,SYC,2013,228.0,253.0
Seychelles,SYC,2014,226.0,262.0
Seychelles,SYC,2015,231.0,270.0
Seychelles,SYC,2016,,
Seychelles,SYC,2017,,
Seychelles,SYC,2018,,
Seychelles,SYC,2019,750.0,
Seychelles,SYC,2020,,325.0
Seychelles,SYC,2021,,
Seychelles,SYC,2022,,
Seychelles,SYC,2023,,
Turks and Caicos Islands,TCA,2012,,
Turks and Caicos Islands,TCA,2013,,
Turks and Caicos Islands,TCA,2014,,2.0
Turks and Caicos Islands,TCA,2015,,2.0
Turks and Caicos Islands,TCA,2016,,5.0
Turks and Caicos Islands,TCA,2017,,7.0
Turks and Caicos Islands,TCA,2018,,8.0
Turks and Caicos Islands,TCA,2019,,8.0
Turks and Caicos Islands,TCA,2020,,
Turks and Caicos Islands,TCA,2021,,
Turks and Caicos Islands,TCA,2022,,
Turks and Caicos Islands,TCA,2023,,
Chad,TCD,2010,184.0,1303.0
Chad,TCD,2011,196.0,1221.0
Chad,TCD,2012,108.0,1131.0
Chad,TCD,2013,126.0,1560.0
Chad,TCD,2014,136.0,1601.0
Chad,TCD,2015,91.0,1168.0
Chad,TCD,2016,104.0,506.0
Chad,TCD,2017,26.0,168.0
Chad,TCD,2018,76.0,933.0
Chad,TCD,2019,75.0,978.0
Chad,TCD,2020,56.0,1062.0
Chad,TCD,2021,,
Chad,TCD,2022,,
Chad,TCD,2023,,
Togo,TGO,2010,68.0,77.0
Togo,TGO,2011,98.0,114.0
Togo,TGO,2012,53.0,71.0
Togo,TGO,2013,48.0,69.0
Togo,TGO,2014,55.0,79.0
Togo,TGO,2015,97.0,64.0
Togo,TGO,2016,124.0,86.0
Togo,TGO,2017,167.0,93.0
Togo,TGO,2018,201.0,96.0
Togo,TGO,2019,202.0,93.0
Togo,TGO,2020,213.0,102.0
Togo,TGO,2021,,
Togo,TGO,2022,,
Togo,TGO,2023,,
Thailand,THA,2010,9637.0,15211.0
Thailand,THA,2011,9733.0,18005.0
Thailand,THA,2012,11412.0,16588.0
Thailand,THA,2013,12175.0,17850.0
Thailand,THA,2014,13347.0,16907.0
Thailand,THA,2015,13097.0,16977.0
Thailand,THA,2016,16237.0,17788.0
Thailand,THA,2017,14428.0,18009.0
Thailand,THA,2018,17043.0,22485.0
Thailand,THA,2019,,24033.0
Thailand,THA,2020,,21394.0
Thailand,THA,2021,,25585.0
Thailand,THA,2022,,27124.0
Thailand,THA,2023,,30529.0
Tajikistan,TJK,2010,28.0,29.0
Tajikistan,TJK,2011,19.0,21.0
Tajikistan,TJK,2012,12.0,32.0
Tajikistan,TJK,2013,18.0,194.0
Tajikistan,TJK,2014,18.0,28.0
Tajikistan,TJK,2015,17.0,17.0
Tajikistan,TJK,2016,12.0,14.0
Tajikistan,TJK,2017,7.0,20.0
Tajikistan,TJK,2018,9.0,33.0
Tajikistan,TJK,2019,9.0,24.0
Tajikistan,TJK,2020,6.0,21.0
Tajikistan,TJK,2021,5.0,31.0
Tajikistan,TJK,2022,7.0,34.0
Tajikistan,TJK,2023,23.0,82.0
Turkmenistan,TKM,2010,,
Turkmenistan,TKM,2011,,
Turkmenistan,TKM,2012,,
Turkmenistan,TKM,2013,,
Turkmenistan,TKM,2014,,
Turkmenistan,TKM,2015,,
Turkmenistan,TKM,2016,,
Turkmenistan,TKM,2017,,
Turkmenistan,TKM,2018,,
Turkmenistan,TKM,2019,,
Turkmenistan,TKM,2020,,
Turkmenistan,TKM,2021,,
Turkmenistan,TKM,2022,,
Turkmenistan,TKM,2023,,
Timor-Leste,TLS,2010,6.0,32.0
Timor-Leste,TLS,2011,7.0,91.0
Timor-Leste,TLS,2012,8.0,47.0
Timor-Leste,TLS,2013,19.0,58.0
Timor-Leste,TLS,2014,25.0,42.0
Timor-Leste,TLS,2015,4.0,64.0
Timor-Leste,TLS,2016,2.0,42.0
Timor-Leste,TLS,2017,2.0,41.0
Timor-Leste,TLS,2018,2.0,35.0
Timor-Leste,TLS,2019,1.0,43.0
Timor-Leste,TLS,2020,1.0,41.0
Timor-Leste,TLS,2021,4.0,44.0
Timor-Leste,TLS,2022,5.0,62.0
Timor-Leste,TLS,2023,5.0,47.0
Tonga,TON,2010,3.0,10.0
Tonga,TON,2011,3.0,10.0
Tonga,TON,2012,2.0,30.0
Tonga,TON,2013,6.0,32.0
Tonga,TON,2014,4.0,12.0
Tonga,TON,2015,1.0,9.0
Tonga,TON,2016,4.0,17.0
Tonga,TON,2017,8.0,20.0
Tonga,TON,2018,15.0,21.0
Tonga,TON,2019,7.0,17.0
Tonga,TON,2020,6.0,18.0
Tonga,TON,2021,11.0,14.0
Tonga,TON,2022,16.0,22.0
Tonga,TON,2023,,
Trinidad and Tobago,TTO,2010,175.0,210.0
Trinidad and Tobago,TTO,2011,135.0,1495.0
Trinidad and Tobago,TTO,2012,180.0,1678.0
Trinidad and Tobago,TTO,2013,100.0,1717.0
Trinidad and Tobago,TTO,2014,134.0,1797.0
Trinidad and Tobago,TTO,2015,100.0,1899.0
Trinidad and Tobago,TTO,2016,88.0,1756.0
Trinidad and Tobago,TTO,2017,102.0,2079.0
Trinidad and Tobago,TTO,2018,109.0,1619.0
Trinidad and Tobago,TTO,2019,138.0,1169.0
Trinidad and Tobago,TTO,2020,136.0,1155.0
Trinidad and Tobago,TTO,2021,188.0,1571.0
Trinidad and Tobago,TTO,2022,218.0,2383.0
Trinidad and Tobago,TTO,2023,240.0,1341.0
Tunisia,TUN,2010,789.0,584.0
Tunisia,TUN,2011,822.0,567.0
Tunisia,TUN,2012,826.0,566.0
Tunisia,TUN,2013,870.0,
Tunisia,TUN,2014,,
Tunisia,TUN,2015,,
Tunisia,TUN,2016,,
Tunisia,TUN,2017,,
Tunisia,TUN,2018,,535.0
Tunisia,TUN,2019,906.0,530.0
Tunisia,TUN,2020,681.0,444.0
Tunisia,TUN,2021,1044.0,564.0
Tunisia,TUN,2022,1321.0,528.0
Tunisia,TUN,2023,,
Turkiye,TUR,2010,,4558.0
Turkiye,TUR,2011,,5067.0
Turkiye,TUR,2012,,5374.0
Turkiye,TUR,2013,6793.0,9820.0
Turkiye,TUR,2014,7348.0,10956.0
Turkiye,TUR,2015,6786.0,10411.0
Turkiye,TUR,2016,5820.0,10938.0
Turkiye,TUR,2017,6656.0,11789.0
Turkiye,TUR,2018,6774.0,12099.0
Turkiye,TUR,2019,7176.0,12809.0
Turkiye,TUR,2020,7173.0,13530.0
Turkiye,TUR,2021,8478.0,15637.0
Turkiye,TUR,2022,9584.0,17023.0
Turkiye,TUR,2023,13259.0,21104.0
Tuvalu,TUV,2010,0.0,6.0
Tuvalu,TUV,2011,0.0,5.0
Tuvalu,TUV,2012,0.0,2.0
Tuvalu,TUV,2013,0.0,6.0
Tuvalu,TUV,2014,0.0,5.0
Tuvalu,TUV,2015,0.0,5.0
Tuvalu,TUV,2016,0.0,5.0
Tuvalu,TUV,2017,1.0,5.0
Tuvalu,TUV,2018,0.0,5.0
Tuvalu,TUV,2019,0.0,5.0
Tuvalu,TUV,2020,0.0,5.0
Tuvalu,TUV,2021,0.0,6.0
Tuvalu,TUV,2022,0.0,5.0
Tuvalu,TUV,2023,,
"Taiwan, China",TWN,2010,6599.0,16388.0
"Taiwan, China",TWN,2011,8033.0,19183.0
"Taiwan, China",TWN,2012,9459.0,19872.0
"Taiwan, China",TWN,2013,10597.0,18575.0
"Taiwan, China",TWN,2014,11570.0,19264.0
"Taiwan, China",TWN,2015,12416.0,17778.0
"Taiwan, China",TWN,2016,13415.0,16010.0
"Taiwan, China",TWN,2017,15857.0,15787.0
"Taiwan, China",TWN,2018,18480.0,17979.0
"Taiwan, China",TWN,2019,19805.0,17064.0
"Taiwan, China",TWN,2020,21244.0,18527.0
"Taiwan, China",TWN,2021,24184.0,22293.0
"Taiwan, China",TWN,2022,26334.0,24067.0
"Taiwan, China",TWN,2023,27155.0,27354.0
Tanzania,TZA,2010,279.0,255.0
Tanzania,TZA,2011,324.0,261.0
Tanzania,TZA,2012,378.0,285.0
Tanzania,TZA,2013,443.0,252.0
Tanzania,TZA,2014,439.0,330.0
Tanzania,TZA,2015,430.0,315.0
Tanzania,TZA,2016,399.0,287.0
Tanzania,TZA,2017,414.0,327.0
Tanzania,TZA,2018,322.0,451.0
Tanzania,TZA,2019,348.0,326.0
Tanzania,TZA,2020,212.0,348.0
Tanzania,TZA,2021,273.0,415.0
Tanzania,TZA,2022,393.0,545.0
Tanzania,TZA,2023,,
Uganda,UGA,2010,197.0,377.0
Uganda,UGA,2011,248.0,540.0
Uganda,UGA,2012,345.0,403.0
Uganda,UGA,2013,444.0,560.0
Uganda,UGA,2014,604.0,1038.0
Uganda,UGA,2015,450.0,971.0
Uganda,UGA,2016,304.0,731.0
Uganda,UGA,2017,248.0,592.0
Uganda,UGA,2018,285.0,796.0
Uganda,UGA,2019,249.0,831.0
Uganda,UGA,2020,213.0,1533.0
Uganda,UGA,2021,265.0,1224.0
Uganda,UGA,2022,274.0,903.0
Uganda,UGA,2023,285.0,1083.0
Ukraine,UKR,2010,3587.0,4020.0
Ukraine,UKR,2011,3958.0,4024.0
Ukraine,UKR,2012,4452.0,4104.0
Ukraine,UKR,2013,5323.0,4942.0
Ukraine,UKR,2014,4711.0,3346.0
Ukraine,UKR,2015,4077.0,2910.0
Ukraine,UKR,2016,3997.0,2573.0
Ukraine,UKR,2017,4744.0,2765.0
Ukraine,UKR,2018,5831.0,3185.0
Ukraine,UKR,2019,7040.0,3288.0
Ukraine,UKR,2020,7950.0,3278.0
Ukraine,UKR,2021,10229.0,3996.0
Ukraine,UKR,2022,10046.0,2618.0
Ukraine,UKR,2023,9733.0,2743.0
Uruguay,URY,2010,604.0,369.0
Uruguay,URY,2011,699.0,518.0
Uruguay,URY,2012,,
Uruguay,URY,2013,,
Uruguay,URY,2014,,
Uruguay,URY,2015,,
Uruguay,URY,2016,,
Uruguay,URY,2017,,
Uruguay,URY,2018,,
Uruguay,URY,2019,3092.0,
Uruguay,URY,2020,2802.0,
Uruguay,URY,2021,,
Uruguay,URY,2022,,
Uruguay,URY,2023,,
United States,USA,2010,329324.0,219641.0
United States,USA,2011,368944.0,232158.0
United States,USA,2012,390308.0,237822.0
United States,USA,2013,406191.0,240750.0
United States,USA,2014,434490.0,256665.0
United States,USA,2015,437737.0,258335.0
United States,USA,2016,455020.0,276304.0
United States,USA,2017,498283.0,298599.0
United States,USA,2018,508032.0,292788.0
United States,USA,2019,537130.0,311798.0
United States,USA,2020,546748.0,325030.0
United States,USA,2021,619389.0,367351.0
United States,USA,2022,659263.0,401214.0
United States,USA,2023,680457.0,409729.0
Uzbekistan,UZB,2010,154.0,131.0
Uzbekistan,UZB,2011,221.0,143.0
Uzbekistan,UZB,2012,338.0,244.0
Uzbekistan,UZB,2013,341.0,238.0
Uzbekistan,UZB,2014,389.0,156.0
Uzbekistan,UZB,2015,351.0,140.0
Uzbekistan,UZB,2016,248.0,212.0
Uzbekistan,UZB,2017,256.0,306.0
Uzbekistan,UZB,2018,257.0,323.0
Uzbekistan,UZB,2019,274.0,426.0
Uzbekistan,UZB,2020,274.0,517.0
Uzbekistan,UZB,2021,328.0,536.0
Uzbekistan,UZB,2022,1302.0,706.0
Uzbekistan,UZB,2023,765.0,769.0
St. Vincent and the Grenadines,VCT,2010,20.0,39.0
St. Vincent and the Grenadines,VCT,2011,18.0,35.0
St. Vincent and the Grenadines,VCT,2012,21.0,35.0
St. Vincent and the Grenadines,VCT,2013,21.0,37.0
St. Vincent and the Grenadines,VCT,2014,20.0,40.0
St. Vincent and the Grenadines,VCT,2015,18.0,32.0
St. Vincent and the Grenadines,VCT,2016,20.0,43.0
St. Vincent and the Grenadines,VCT,2017,18.0,46.0
St. Vincent and the Grenadines,VCT,2018,15.0,47.0
St. Vincent and the Grenadines,VCT,2019,17.0,39.0
St. Vincent and the Grenadines,VCT,2020,18.0,37.0
St. Vincent and the Grenadines,VCT,2021,18.0,36.0
St. Vincent and the Grenadines,VCT,2022,18.0,43.0
St. Vincent and the Grenadines,VCT,2023,18.0,47.0
"Venezuela, RB",VEN,2010,108.0,
"Venezuela, RB",VEN,2011,99.0,5403.0
"Venezuela, RB",VEN,2012,100.0,
"Venezuela, RB",VEN,2013,110.0,
"Venezuela, RB",VEN,2014,117.0,6572.0
"Venezuela, RB",VEN,2015,124.0,
"Venezuela, RB",VEN,2016,91.0,
"Venezuela, RB",VEN,2017,,
"Venezuela, RB",VEN,2018,,
"Venezuela, RB",VEN,2019,59.0,
"Venezuela, RB",VEN,2020,23.0,
"Venezuela, RB",VEN,2021,,
"Venezuela, RB",VEN,2022,,
"Venezuela, RB",VEN,2023,,
Viet Nam,VNM,2010,560.0,1137.0
Viet Nam,VNM,2011,605.0,1298.0
Viet Nam,VNM,2012,549.0,1577.0
Viet Nam,VNM,2013,894.0,2810.0
Viet Nam,VNM,2014,898.0,3063.0
Viet Nam,VNM,2015,,
Viet Nam,VNM,2016,,
Viet Nam,VNM,2017,,
Viet Nam,VNM,2018,,
Viet Nam,VNM,2019,,
Viet Nam,VNM,2020,2196.0,3104.0
Viet Nam,VNM,2021,2316.0,3084.0
Viet Nam,VNM,2022,3600.0,4335.0
Viet Nam,VNM,2023,,4499.0
Vanuatu,VUT,2010,18.0,26.0
Vanuatu,VUT,2011,17.0,33.0
Vanuatu,VUT,2012,17.0,35.0
Vanuatu,VUT,2013,14.0,32.0
Vanuatu,VUT,2014,14.0,26.0
Vanuatu,VUT,2015,13.0,34.0
Vanuatu,VUT,2016,14.0,24.0
Vanuatu,VUT,2017,14.0,35.0
Vanuatu,VUT,2018,14.0,40.0
Vanuatu,VUT,2019,11.0,27.0
Vanuatu,VUT,2020,10.0,25.0
Vanuatu,VUT,2021,10.0,24.0
Vanuatu,VUT,2022,10.0,24.0
Vanuatu,VUT,2023,,
World,WLD,2010,1835732.0,1677528.0
World,WLD,2011,2099551.0,1891479.0
World,WLD,2012,2178859.0,1940674.0
World,WLD,2013,2338419.0,2068520.0
World,WLD,2014,2553608.0,2289700.0
World,WLD,2015,2482052.0,2241800.0
World,WLD,2016,2574647.0,2309097.0
World,WLD,2017,2800594.0,2502702.0
World,WLD,2018,3112957.0,2723575.0
World,WLD,2019,3274737.0,2950924.0
World,WLD,2020,3324128.0,2973808.0
World,WLD,2021,3905260.0,3330622.0
World,WLD,2022,4083964.0,3433672.0
World,WLD,2023,4462457.0,3774296.0
Samoa,WSM,2010,11.0,23.0
Samoa,WSM,2011,13.0,16.0
Samoa,WSM,2012,10.0,25.0
Samoa,WSM,2013,21.0,26.0
Samoa,WSM,2014,22.0,26.0
Samoa,WSM,2015,29.0,26.0
Samoa,WSM,2016,32.0,37.0
Samoa,WSM,2017,43.0,39.0
Samoa,WSM,2018,28.0,29.0
Samoa,WSM,2019,35.0,40.0
Samoa,WSM,2020,31.0,39.0
Samoa,WSM,2021,41.0,39.0
Samoa,WSM,2022,36.0,41.0
Samoa,WSM,2023,44.0,47.0
Kosovo,XKX,2010,155.0,240.0
Kosovo,XKX,2011,182.0,169.0
Kosovo,XKX,2012,149.0,123.0
Kosovo,XKX,2013,135.0,124.0
Kosovo,XKX,2014,167.0,149.0
Kosovo,XKX,2015,112.0,123.0
Kosovo,XKX,2016,105.0,120.0
Kosovo,XKX,2017,116.0,136.0
Kosovo,XKX,2018,163.0,216.0
Kosovo,XKX,2019,181.0,180.0
Kosovo,XKX,2020,279.0,164.0
Kosovo,XKX,2021,307.0,242.0
Kosovo,XKX,2022,407.0,281.0
Kosovo,XKX,2023,549.0,342.0
"Yemen, Rep.",YEM,2010,116.0,630.0
"Yemen, Rep.",YEM,2011,128.0,635.0
"Yemen, Rep.",YEM,2012,326.0,665.0
"Yemen, Rep.",YEM,2013,376.0,646.0
"Yemen, Rep.",YEM,2014,220.0,812.0
"Yemen, Rep.",YEM,2015,74.0,371.0
"Yemen, Rep.",YEM,2016,121.0,575.0
"Yemen, Rep.",YEM,2017,,
"Yemen, Rep.",YEM,2018,,
"Yemen, Rep.",YEM,2019,84.0,524.0
"Yemen, Rep.",YEM,2020,112.0,551.0
"Yemen, Rep.",YEM,2021,,
"Yemen, Rep.",YEM,2022,,
"Yemen, Rep.",YEM,2023,,
South Africa,ZAF,2010,3890.0,5658.0
South Africa,ZAF,2011,4664.0,5981.0
South Africa,ZAF,2012,4936.0,5911.0
South Africa,ZAF,2013,4927.0,6241.0
South Africa,ZAF,2014,5145.0,6040.0
South Africa,ZAF,2015,5220.0,5984.0
South Africa,ZAF,2016,5274.0,6551.0
South Africa,ZAF,2017,5928.0,6895.0
South Africa,ZAF,2018,6510.0,6747.0
South Africa,ZAF,2019,5885.0,7173.0
South Africa,ZAF,2020,5304.0,6779.0
South Africa,ZAF,2021,6604.0,7710.0
South Africa,ZAF,2022,7215.0,8122.0
South Africa,ZAF,2023,7834.0,8857.0
Zambia,ZMB,2010,35.0,89.0
Zambia,ZMB,2011,46.0,191.0
Zambia,ZMB,2012,386.0,242.0
Zambia,ZMB,2013,126.0,
Zambia,ZMB,2014,133.0,495.0
Zambia,ZMB,2015,140.0,268.0
Zambia,ZMB,2016,146.0,270.0
Zambia,ZMB,2017,144.0,300.0
Zambia,ZMB,2018,137.0,332.0
Zambia,ZMB,2019,130.0,310.0
Zambia,ZMB,2020,84.0,271.0
Zambia,ZMB,2021,58.0,264.0
Zambia,ZMB,2022,41.0,389.0
Zambia,ZMB,2023,72.0,475.0
Zimbabwe,ZWE,2010,58.0,508.0
Zimbabwe,ZWE,2011,61.0,527.0
Zimbabwe,ZWE,2012,64.0,515.0
Zimbabwe,ZWE,2013,67.0,571.0
Zimbabwe,ZWE,2014,70.0,563.0
Zimbabwe,ZWE,2015,73.0,516.0
Zimbabwe,ZWE,2016,76.0,522.0
Zimbabwe,ZWE,2017,56.0,339.0
Zimbabwe,ZWE,2018,54.0,248.0
Zimbabwe,ZWE,2019,89.0,263.0
Zimbabwe,ZWE,2020,74.0,258.0
Zimbabwe,ZWE,2021,,
Zimbabwe,ZWE,2022,,
Zimbabwe,ZWE,2023,,
